Symbol,Name
DDD,3D Systems Corporation
MMM,3M Company
WBAI,500.com Limited
WUBA,58.com Inc.
EGHT,8x8 Inc
AHC,A.H. Belo Corporation
AOS,A.O Smith Corporation
ATEN,"A10 Networks, Inc."
AIR,AAR Corp.
AAN,"Aaron&#39;s,  Inc."
ABB,ABB Ltd
ABT,Abbott Laboratories
ABBV,AbbVie Inc.
ANF,Abercrombie & Fitch Company
AGD,Aberdeen Global Dynamic Dividend Fund
AWP,Aberdeen Global Premier Properties Fund
ACP,Aberdeen Income Credit Strategies Fund
JEQ,"Aberdeen Japan Equity Fund, Inc. "
AOD,Aberdeen Total Dynamic Dividend Fund
ABM,ABM Industries Incorporated
AKR,Acadia Realty Trust
ACEL,"Accel Entertainment, Inc."
ACEL.WS,"Accel Entertainment, Inc."
ACN,Accenture plc
ACCO,Acco Brands Corporation
ATV,"Acorn International, Inc."
AYI,"Acuity Brands, Inc. "
GOLF,Acushnet Holdings Corp.
ADX,"Adams Diversified Equity Fund, Inc."
PEO,"Adams Natural Resources Fund, Inc."
AGRO,Adecoagro S.A.
ADNT,Adient plc
ADT,ADT Inc.
ATGE,Adtalem Global Education Inc.
AAP,Advance Auto Parts Inc
ADSW,"Advanced Disposal Services, Inc."
WMS,"Advanced Drainage Systems, Inc."
ASIX,AdvanSix Inc.
AVK,Advent Convertible and Income Fund
ACM,AECOM
AEFC,Aegon Funding Company LLC
AEB,Aegon NV
AEG,Aegon NV
AER,Aercap Holdings N.V.
AJRD,"Aerojet Rocketdyne Holdings, Inc. "
AMG,"Affiliated Managers Group, Inc."
MGR,"Affiliated Managers Group, Inc."
AFL,Aflac Incorporated
MITT,"AG Mortgage Investment Trust, Inc."
MITT^A,"AG Mortgage Investment Trust, Inc."
MITT^B,"AG Mortgage Investment Trust, Inc."
MITT^C,"AG Mortgage Investment Trust, Inc."
AGCO,AGCO Corporation
A,"Agilent Technologies, Inc."
AEM,Agnico Eagle Mines Limited
ADC,Agree Realty Corporation
AL,Air Lease Corporation
AL^A,Air Lease Corporation
APD,"Air Products and Chemicals, Inc."
ALP^Q,Alabama Power Company
ALG,"Alamo Group, Inc."
AGI,Alamos Gold Inc.
ALK,"Alaska Air Group, Inc."
AIN,Albany International Corporation
ALB,Albemarle Corporation
AA,Alcoa Corporation
ALC,Alcon Inc.
ALEX,"Alexander & Baldwin, Inc."
ALX,"Alexander&#39;s, Inc."
ARE,"Alexandria Real Estate Equities, Inc."
AQN,Algonquin Power & Utilities Corp.
AQNA,Algonquin Power & Utilities Corp.
AQNB,Algonquin Power & Utilities Corp.
BABA,Alibaba Group Holding Limited
Y,Alleghany Corporation
ATI,Allegheny Technologies Incorporated
ALLE,Allegion plc
AGN,Allergan plc.
ALE,"Allete, Inc."
ADS,Alliance Data Systems Corporation
AFB,Alliance National Municipal Income Fund Inc
AWF,Alliance World Dollar Government Fund II
AB,AllianceBernstein Holding L.P.
AIO,AllianzGI Artificial Intelligence & Tech Opp Fd
CBH,AllianzGI Convertible & Income 2024 Target Term Fund
NCV,AllianzGI Convertible & Income Fund
NCV^A,AllianzGI Convertible & Income Fund
NCZ,AllianzGI Convertible & Income Fund II
NCZ^A,AllianzGI Convertible & Income Fund II
ACV,AllianzGI Diversified Income & Convertible Fund
NFJ,"AllianzGI Dividend, Interest & Premium Strategy Fu"
NIE,AllianzGI Equity & Convertible Income Fund
ALSN,"Allison Transmission Holdings, Inc."
ALL,Allstate Corporation (The)
ALL^B,Allstate Corporation (The)
ALL^G,Allstate Corporation (The)
ALL^H,Allstate Corporation (The)
ALL^I,Allstate Corporation (The)
ALLY,Ally Financial Inc.
ALLY^A,Ally Financial Inc.
PINE,"Alpine Income Property Trust, Inc."
ALTG,Alta Equipment Group Inc.
ALTG.WS,Alta Equipment Group Inc.
ALIN^A,Altera Infrastructure L.P.
ALIN^B,Altera Infrastructure L.P.
ALIN^E,Altera Infrastructure L.P.
AYX,"Alteryx, Inc."
ATUS,"Altice USA, Inc."
MO,Altria Group
ACH,Aluminum Corporation of China Limited
ALUS,Alussa Energy Acquisition Corp.
ALUS.U,Alussa Energy Acquisition Corp.
ALUS.WS,Alussa Energy Acquisition Corp.
AMBC,"Ambac Financial Group, Inc."
AMBC.WS,"Ambac Financial Group, Inc."
ABEV,Ambev S.A.
AMC,"AMC Entertainment Holdings, Inc."
AMCR,Amcor plc
AEE,Ameren Corporation
AMRC,"Ameresco, Inc."
AMOV,"America Movil, S.A.B. de C.V."
AMX,"America Movil, S.A.B. de C.V."
AAT,"American Assets Trust, Inc."
AXL,"American Axle & Manufacturing Holdings, Inc."
ACC,American Campus Communities Inc
AEO,"American Eagle Outfitters, Inc."
AEP,"American Electric Power Company, Inc."
AEP^B,"American Electric Power Company, Inc."
AEL,American Equity Investment Life Holding Company
AEL^A,American Equity Investment Life Holding Company
AXP,American Express Company
AFG,"American Financial Group, Inc."
AFGB,"American Financial Group, Inc."
AFGC,"American Financial Group, Inc."
AFGH,"American Financial Group, Inc."
AMH,American Homes 4 Rent
AMH^D,American Homes 4 Rent
AMH^E,American Homes 4 Rent
AMH^F,American Homes 4 Rent
AMH^G,American Homes 4 Rent
AMH^H,American Homes 4 Rent
AIG,"American International Group, Inc."
AIG.WS,"American International Group, Inc."
AIG^A,"American International Group, Inc."
ARL,"American Realty Investors, Inc."
ARA,"American Renal Associates Holdings, Inc"
AWR,American States Water Company
AMT,American Tower Corporation (REIT)
AVD,American Vanguard Corporation
AWK,American Water Works
COLD,Americold Realty Trust
AMP,"AMERIPRISE FINANCIAL SERVICES, INC."
ABC,AmerisourceBergen Corporation (Holding Co)
RYCE,Amira Nature Foods Ltd
AMN,AMN Healthcare Services Inc
AMRX,"Amneal Pharmaceuticals, Inc."
AP,Ampco-Pittsburgh Corporation
APH,Amphenol Corporation
AXR,AMREP Corporation
HKIB,AMTD International Inc.
AME,"AMTEK, Inc."
PLAN,"Anaplan, Inc."
FINS,Angel Oak Financial Strategies Income Term Trust
AU,AngloGold Ashanti Limited
BUD,Anheuser-Busch Inbev SA
AXE,Anixter International Inc.
NLY,Annaly Capital Management Inc
NLY^D,Annaly Capital Management Inc
NLY^F,Annaly Capital Management Inc
NLY^G,Annaly Capital Management Inc
NLY^I,Annaly Capital Management Inc
AM,Antero Midstream Corporation
AR,Antero Resources Corporation
ANTM,"Anthem, Inc."
ANH,Anworth Mortgage Asset  Corporation
ANH^A,Anworth Mortgage Asset  Corporation
ANH^B,Anworth Mortgage Asset  Corporation
ANH^C,Anworth Mortgage Asset  Corporation
AON,Aon plc
APA,Apache Corporation
AIV,Apartment Investment and Management Company
APY,Apergy Corporation
APHA,Aphria Inc.
APG,APi Group Corporation
ARI,Apollo Commercial Real Estate Finance
APO,"Apollo Global Management, Inc"
APO^A,"Apollo Global Management, Inc"
APO^B,"Apollo Global Management, Inc"
AFT,Apollo Senior Floating Rate Fund Inc.
AIF,Apollo Tactical Income Fund Inc.
APLE,"Apple Hospitality REIT, Inc."
AIT,"Applied Industrial Technologies, Inc."
ATR,"AptarGroup, Inc."
APTV,Aptiv PLC
ARMK,Aramark
ABR,Arbor Realty Trust
ABR^A,Arbor Realty Trust
ABR^B,Arbor Realty Trust
ABR^C,Arbor Realty Trust
ARC,"ARC Document Solutions, Inc."
MT,ArcelorMittal
ARCH,"Arch Coal, Inc."
ADM,Archer-Daniels-Midland Company
AROC,"Archrock, Inc."
ARNC,Arconic Corporation
ARCO,Arcos Dorados Holdings Inc.
ACA,"Arcosa, Inc."
RCUS,"Arcus Biosciences, Inc."
ARD,Ardagh Group S.A.
ASC,Ardmore Shipping Corporation
AFC,Ares Capital Corporation
ACRE,Ares Commercial Real Estate Corporation
ARDC,"Ares Dynamic Credit Allocation Fund, Inc."
ARES,Ares Management Corporation
ARES^A,Ares Management Corporation
AGX,"Argan, Inc."
ARGD,"Argo Group International Holdings, Ltd."
ARGO,"Argo Group International Holdings, Ltd."
ANET,"Arista Networks, Inc."
AI,Arlington Asset Investment Corp
AI^B,Arlington Asset Investment Corp
AI^C,Arlington Asset Investment Corp
AIC,Arlington Asset Investment Corp
AIW,Arlington Asset Investment Corp
ARLO,"Arlo Technologies, Inc."
AHH,"Armada Hoffler Properties, Inc."
AHH^A,"Armada Hoffler Properties, Inc."
ARR,"ARMOUR Residential REIT, Inc."
ARR^C,"ARMOUR Residential REIT, Inc."
AFI,"Armstrong Flooring, Inc."
AWI,Armstrong World Industries Inc
ARW,"Arrow Electronics, Inc."
AJG,Arthur J. Gallagher & Co.
APAM,Artisan Partners Asset Management Inc.
ASA,ASA Gold and Precious Metals Limited
ABG,Asbury Automotive Group Inc
ASX,"ASE Technology Holding Co., Ltd."
ASGN,ASGN Incorporated
AHT,Ashford Hospitality Trust Inc
AHT^D,Ashford Hospitality Trust Inc
AHT^F,Ashford Hospitality Trust Inc
AHT^G,Ashford Hospitality Trust Inc
AHT^H,Ashford Hospitality Trust Inc
AHT^I,Ashford Hospitality Trust Inc
ASH,Ashland Global Holdings Inc.
ASPN,"Aspen Aerogels, Inc."
AHL^C,Aspen Insurance Holdings Limited
AHL^D,Aspen Insurance Holdings Limited
AHL^E,Aspen Insurance Holdings Limited
AMK,"AssetMark Financial Holdings, Inc."
ASB,Associated Banc-Corp
ASB^C,Associated Banc-Corp
ASB^D,Associated Banc-Corp
ASB^E,Associated Banc-Corp
AC,"Associated Capital Group, Inc."
AIZ,"Assurant, Inc."
AIZP,"Assurant, Inc."
AGO,Assured Guaranty Ltd.
AGO^B,Assured Guaranty Ltd.
AGO^E,Assured Guaranty Ltd.
AGO^F,Assured Guaranty Ltd.
AZN,Astrazeneca PLC
HOME,At Home Group Inc.
T,AT&T Inc.
T^A,AT&T Inc.
T^C,AT&T Inc.
TBB,AT&T Inc.
TBC,AT&T Inc.
ATTO,Atento S.A.
ATH,Athene Holding Ltd.
ATH^A,Athene Holding Ltd.
ATH^B,Athene Holding Ltd.
ATKR,Atkore International Group Inc.
AT,Atlantic Power Corporation
ATCO,Atlas Corp.
ATCO^D,Atlas Corp.
ATCO^E,Atlas Corp.
ATCO^G,Atlas Corp.
ATCO^H,Atlas Corp.
ATCO^I,Atlas Corp.
ATO,Atmos Energy Corporation
ACB,Aurora Cannabis Inc.
ATHM,Autohome Inc.
ALV,"Autoliv, Inc."
AN,"AutoNation, Inc."
AZO,"AutoZone, Inc."
AVLR,"Avalara, Inc."
AVB,"AvalonBay Communities, Inc."
AGR,"Avangrid, Inc."
AVNS,"Avanos Medical, Inc."
AVTR,"Avantor, Inc."
AVTR^A,"Avantor, Inc."
AVYA,Avaya Holdings Corp.
AVY,Avery Dennison Corporation
AVH,Avianca Holdings S.A.
AVA,Avista Corporation
AXTA,Axalta Coating Systems Ltd.
AXS,Axis Capital Holdings Limited
AXS^E,Axis Capital Holdings Limited
AX,"Axos Financial, Inc."
AXO,"Axos Financial, Inc."
AZUL,Azul S.A.
AZRE,Azure Power Global Limited
AZZ,AZZ Inc.
BGS,"B&G Foods, Inc."
BW,Babcock
BGH,Babson Global Short Duration High Yield Fund
BMI,"Badger Meter, Inc."
BCSF,"Bain Capital Specialty Finance, Inc."
BKR,Baker Hughes Company
BBN,BalckRock Taxable Municipal Bond Trust
BLL,Ball Corporation
BANC,"Banc of California, Inc."
BANC^D,"Banc of California, Inc."
BANC^E,"Banc of California, Inc."
BBAR,Banco BBVA Argentina S.A.
BBVA,Banco Bilbao Viscaya Argentaria S.A.
BBD,Banco Bradesco Sa
BBDO,Banco Bradesco Sa
BCH,Banco De Chile
BLX,"Banco Latinoamericano de Comercio Exterior, S.A."
BSBR,Banco Santander Brasil SA
BSAC,Banco Santander Chile
BSMX,"Banco Santander Mexico, S.A., Institucion de Ban"
SAN,"Banco Santander, S.A."
SAN^B,"Banco Santander, S.A."
CIB,BanColombia S.A.
BXS,BancorpSouth Bank
BXS^A,BancorpSouth Bank
BAC,Bank of America Corporation
BAC^A,Bank of America Corporation
BAC^B,Bank of America Corporation
BAC^C,Bank of America Corporation
BAC^E,Bank of America Corporation
BAC^K,Bank of America Corporation
BAC^L,Bank of America Corporation
BAC^M,Bank of America Corporation
BAC^N,Bank of America Corporation
BML^G,Bank of America Corporation
BML^H,Bank of America Corporation
BML^J,Bank of America Corporation
BML^L,Bank of America Corporation
BOH,Bank of Hawaii Corporation
BMO,Bank Of Montreal
NTB,Bank of N.T. Butterfield & Son Limited (The)
BNS,Bank of Nova Scotia (The)
BKU,"BankUnited, Inc."
BCS,Barclays PLC
BBDC,"Barings BDC, Inc."
MCI,Barings Corporate Investors
MPV,Barings Participation Investors
BNED,"Barnes & Noble Education, Inc"
B,"Barnes Group, Inc."
GOLD,Barrick Gold Corporation
BHC,Bausch Health Companies Inc.
BAX,Baxter International Inc.
BTE,Baytex Energy Corp
BBX,BBX Capital Corporation
BCE,"BCE, Inc."
BZH,"Beazer Homes USA, Inc."
BDX,"Becton, Dickinson and Company"
BDC,Belden Inc
BRBR,"BellRing Brands, Inc."
BHE,"Benchmark Electronics, Inc."
BRK.A,Berkshire Hathaway Inc.
BRK.B,Berkshire Hathaway Inc.
BHLB,"Berkshire Hills Bancorp, Inc."
BERY,"Berry Global Group, Inc."
BBY,"Best Buy Co., Inc."
BEST,BEST Inc.
BGSF,BG Staffing Inc
BHP,BHP Group Limited
BBL,BHP Group Plc
BIG,"Big Lots, Inc."
BH,Biglari Holdings Inc.
BH.A,Biglari Holdings Inc.
BILL,"Bill.com Holdings, Inc."
BHVN,Biohaven Pharmaceutical Holding Company Ltd.
BIO,"Bio-Rad Laboratories, Inc."
BIO.B,"Bio-Rad Laboratories, Inc."
BITA,Bitauto Holdings Limited
BJ,"BJ&#39;s Wholesale Club Holdings, Inc."
BKH,Black Hills Corporation
BKI,"Black Knight, Inc."
BSM,"Black Stone Minerals, L.P."
BB,BlackBerry Limited
BGIO,BlackRock 2022 Global Income Opportunity Trust
BFZ,BlackRock California Municipal Income Trust
CII,Blackrock Capital and Income Strategies Fund Inc
BHK,Blackrock Core Bond Trust
HYT,"Blackrock Corporate High Yield Fund, Inc."
BTZ,BlackRock Credit Allocation Income Trust
DSU,"Blackrock Debt Strategies Fund, Inc."
BGR,BlackRock Energy and Resources Trust
BDJ,Blackrock Enhanced Equity Dividend Trust
EGF,"Blackrock Enhanced Government Fund, Inc"
FRA,Blackrock Floating Rate Income Strategies Fund Inc
BFO,Blackrock Florida Municipal 2020 Term Trust
BGT,Blackrock Global
BOE,Blackrock Global
BME,Blackrock Health Sciences Trust
BMEZ,BlackRock Health Sciences Trust II
BAF,BlackRock Income Investment Quality Trust
BKT,BlackRock Income Trust Inc. (The)
BGY,"BLACKROCK INTERNATIONAL, LTD."
BKN,BlackRock Investment Quality Municipal Trust Inc. (The)
BTA,BlackRock Long-Term Municipal Advantage Trust
BZM,BlackRock Maryland Municipal Bond Trust
MHE,BlackRock Massachusetts Tax-Exempt Trust
BIT,BlackRock Multi-Sector Income Trust
MUI,Blackrock Muni Intermediate Duration Fund Inc
MNE,Blackrock Muni New York Intermediate Duration Fund Inc
MUA,"Blackrock MuniAssets Fund, Inc."
BKK,Blackrock Municipal 2020 Term Trust
BBK,Blackrock Municipal Bond Trust
BBF,BlackRock Municipal Income Investment Trust
BYM,Blackrock Municipal Income Quality Trust
BFK,BlackRock Municipal Income Trust
BLE,BlackRock Municipal Income Trust II
BTT,BlackRock Municipal Target Term Trust Inc. (The)
MEN,"Blackrock MuniEnhanced Fund, Inc."
MUC,"Blackrock MuniHoldings California Quality Fund,  Inc."
MUH,"Blackrock MuniHoldings Fund II, Inc."
MHD,"Blackrock MuniHoldings Fund, Inc."
MFL,Blackrock MuniHoldings Investment Quality Fund
MUJ,"Blackrock MuniHoldings New Jersey Insured Fund, Inc."
MHN,"Blackrock MuniHoldings New York Quality Fund, Inc."
MUE,"Blackrock MuniHoldings Quality Fund II, Inc."
MUS,"Blackrock MuniHoldings Quality Fund, Inc."
MVT,"Blackrock MuniVest Fund II, Inc."
MYC,"Blackrock MuniYield California Fund, Inc."
MCA,"Blackrock MuniYield California Insured Fund, Inc."
MYD,"Blackrock MuniYield Fund, Inc."
MYF,Blackrock MuniYield Investment Fund
MFT,Blackrock MuniYield Investment QualityFund
MIY,"Blackrock MuniYield Michigan Quality Fund, Inc."
MYJ,"Blackrock MuniYield New Jersey Fund, Inc."
MYN,"Blackrock MuniYield New York Quality Fund, Inc."
MPA,Blackrock MuniYield Pennsylvania Quality Fund
MQT,"Blackrock MuniYield Quality Fund II, Inc."
MYI,"Blackrock MuniYield Quality Fund III, Inc."
MQY,"Blackrock MuniYield Quality Fund, Inc."
BNY,BlackRock New York Investment Quality Municipal Trust Inc. (Th
BQH,Blackrock New York Municipal Bond Trust
BSE,Blackrock New York Municipal Income Quality Trust
BFY,BlackRock New York Municipal Income Trust II
BCX,BlackRock Resources
BST,BlackRock Science and Technology Trust
BSTZ,BlackRock Science and Technology Trust II
BSD,BlackRock Strategic Municipal Trust Inc. (The)
BUI,"BlackRock Utility, Infrastructure & Power Opportun"
BHV,BlackRock Virginia Municipal Bond Trust
BLK,"BlackRock, Inc."
BGB,Blackstone / GSO Strategic Credit Fund
BGX,Blackstone GSO Long Short Credit Income Fund
BSL,Blackstone GSO Senior Floating Rate Term Fund
BE,Bloom Energy Corporation
APRN,"Blue Apron Holdings, Inc."
BXG,Bluegreen Vacations Corporation
BXC,BlueLinx Holdings Inc.
DCF,BNY Mellon Alcentra Global Credit Income 2024 Target Term Fund
DHF,BNY Mellon High Yield Strategies Fund
DMB,"BNY Mellon Municipal Bond Infrastructure Fund, Inc"
DSM,"BNY Mellon Strategic Municipal Bond Fund, Inc."
LEO,"BNY Mellon Strategic Municipals, Inc."
BA,Boeing Company (The)
BCC,"Boise Cascade, L.L.C."
BCEI,"Bonanza Creek Energy, Inc."
BOOT,"Boot Barn Holdings, Inc."
BAH,Booz Allen Hamilton Holding Corporation
BWA,BorgWarner Inc.
BORR,Borr Drilling Limited
SAM,"Boston Beer Company, Inc. (The)"
BXP,"Boston Properties, Inc."
BXP^B,"Boston Properties, Inc."
BSX,Boston Scientific Corporation
BOX,"Box, Inc."
BYD,Boyd Gaming Corporation
BPMP,BP Midstream Partners LP
BP,BP p.l.c.
BPT,BP Prudhoe Bay Royalty Trust
BRC,Brady Corporation
BHR,Braemar Hotels & Resorts Inc.
BHR^B,Braemar Hotels & Resorts Inc.
BHR^D,Braemar Hotels & Resorts Inc.
BDN,Brandywine Realty Trust
BWG,BrandywineGLOBAL Global Income Opportunities Fund 
LND,Brasilagro Cia Brasileira De Propriedades Agricolas
BAK,Braskem S.A.
BRFS,BRF S.A.
BGG,Briggs & Stratton Corporation
MNRL,"Brigham Minerals, Inc."
BFAM,Bright Horizons Family Solutions Inc.
BEDU,Bright Scholar Education Holdings Limited
BSA,BrightSphere Investment Group Inc.
BSIG,BrightSphere Investment Group Inc.
BV,"BrightView Holdings, Inc."
EAT,"Brinker International, Inc."
BCO,Brink&#39;s Company (The)
BMY,Bristol-Myers Squibb Company
BMY~,Bristol-Myers Squibb Company
BTI,British American Tobacco p.l.c.
BRX,Brixmor Property Group Inc.
BRMK,Broadmark Realty Capital Inc.
BR,"Broadridge Financial Solutions, Inc."
BKD,Brookdale Senior Living Inc.
BAM,Brookfield Asset Management Inc
BBU,Brookfield Business Partners L.P.
DTLA^,Brookfield DTLA Inc.
BIPC,Brookfield Infrastructure Corporation
BIP,Brookfield Infrastructure Partners LP
RA,Brookfield Real Assets Income Fund Inc.
BEP,Brookfield Renewable Partners L.P.
BEP^A,Brookfield Renewable Partners L.P.
BRO,"Brown & Brown, Inc."
BF.A,Brown Forman Corporation
BF.B,Brown Forman Corporation
BRT,BRT Apartments Corp.
BC,Brunswick Corporation
BC^A,Brunswick Corporation
BC^B,Brunswick Corporation
BC^C,Brunswick Corporation
BKE,"Buckle, Inc. (The)"
BVN,Buenaventura Mining Company Inc.
BBW,"Build-A-Bear Workshop, Inc."
BG,Bunge Limited
BURL,"Burlington Stores, Inc."
BWXT,"BWX Technologies, Inc."
BY,"Byline Bancorp, Inc."
PFH,CABCO Series 2004-101 Trust
CABO,"Cable One, Inc."
CBT,Cabot Corporation
COG,Cabot Oil & Gas Corporation
CACI,"CACI International, Inc."
WHD,"Cactus, Inc."
CADE,Cadence Bancorporation
CAE,CAE Inc
CAI,"CAI International, Inc."
CAI^A,"CAI International, Inc."
CAI^B,"CAI International, Inc."
CAL,"Caleres, Inc."
CRC,California Resources Corporation
CWT,California Water  Service Group Holding
CALX,"Calix, Inc"
ELY,Callaway Golf Company
CPE,Callon Petroleum Company
CPT,Camden Property Trust
CCJ,Cameco Corporation
CPB,Campbell Soup Company
CWH,"Camping World Holdings, Inc."
GOOS,Canada Goose Holdings Inc.
CM,Canadian Imperial Bank of Commerce
CNI,Canadian National Railway Company
CNQ,Canadian Natural Resources Limited
CP,Canadian Pacific Railway Limited
CANG,Cango Inc.
CNNE,"Cannae Holdings, Inc."
CAJ,"Canon, Inc."
CGC,Canopy Growth Corporation
CMD,Cantel Medical Corp.
COF,Capital One Financial Corporation
COF^F,Capital One Financial Corporation
COF^G,Capital One Financial Corporation
COF^H,Capital One Financial Corporation
COF^I,Capital One Financial Corporation
COF^J,Capital One Financial Corporation
CSU,Capital Senior Living Corporation
BXMT,"Capital Trust, Inc."
CPRI,Capri Holdings Limited
CMO,Capstead Mortgage Corporation
CMO^E,Capstead Mortgage Corporation
CAH,"Cardinal Health, Inc."
CSL,Carlisle Companies Incorporated
KMX,CarMax Inc
CCL,Carnival Corporation
CUK,Carnival Corporation
CRS,Carpenter Technology Corporation
CSV,"Carriage Services, Inc."
CARR,Carrier Global Corporation
CARS,Cars.com Inc.
CRI,"Carter&#39;s, Inc."
CVNA,Carvana Co.
CSPR,Casper Sleep Inc.
CSLT,"Castlight Health, inc."
CTLT,"Catalent, Inc."
CTT           ,"CatchMark Timber Trust, Inc."
CAT,"Caterpillar, Inc."
CATO,Cato Corporation (The)
CBZ,"CBIZ, Inc."
CBL,"CBL & Associates Properties, Inc."
CBL^D,"CBL & Associates Properties, Inc."
CBL^E,"CBL & Associates Properties, Inc."
CBO,CBO (Listing Market - NYSE - Networks A/E)
IGR,CBRE Clarion Global Real Estate Income Fund
CBRE,"CBRE Group, Inc."
CBX,CBX (Listing Market NYSE Networks AE
PCPL.U,CC Neuberger Principal Holdings I
FUN,"Cedar Fair, L.P."
CDR,"Cedar Realty Trust, Inc."
CDR^B,"Cedar Realty Trust, Inc."
CDR^C,"Cedar Realty Trust, Inc."
CE,Celanese Corporation
CLS,"Celestica, Inc."
CELG~,Celgene Corporation
CEL,"Cellcom Israel, Ltd."
CPAC,Cementos Pacasmayo S.A.A.
CX,Cemex S.A.B. de C.V.
CVE,Cenovus Energy Inc
CNC,Centene Corporation
CEN,Center Coast Brookfield MLP & Energy Infrastructur
CNP,"CenterPoint Energy, Inc."
CNP^B,"CenterPoint Energy, Inc."
EBR,Centrais Electricas Brasileiras S.A.- Eletrobras
EBR.B,Centrais Electricas Brasileiras S.A.- Eletrobras
CEPU,Central Puerto S.A.
CCS,"Century Communities, Inc."
CTL,"CenturyLink, Inc."
CDAY,Ceridian HCM Holding Inc.
CF,"CF Industries Holdings, Inc."
GIB,CGI Inc.
ECOM          ,ChannelAdvisor Corporation
CHAP,"Chaparral Energy, Inc."
CHRA,"Charah Solutions, Inc."
CRL,"Charles River Laboratories International, Inc."
CLDT,Chatham Lodging Trust (REIT)
CMCM,Cheetah Mobile Inc.
CHGG,"Chegg, Inc."
CHE,Chemed Corp.
CC,Chemours Company (The)
CHMI,Cherry Hill Mortgage Investment Corporation
CHMI^A,Cherry Hill Mortgage Investment Corporation
CHMI^B,Cherry Hill Mortgage Investment Corporation
CHK,Chesapeake Energy Corporation
CHK^D,Chesapeake Energy Corporation
CPK,Chesapeake Utilities Corporation
CVX,Chevron Corporation
CHWY,"Chewy, Inc."
CHS,"Chico&#39;s FAS, Inc."
CIM,Chimera Investment Corporation
CIM^A,Chimera Investment Corporation
CIM^B,Chimera Investment Corporation
CIM^C,Chimera Investment Corporation
CIM^D,Chimera Investment Corporation
DL,China Distance Education Holdings Limited
CEA,China Eastern Airlines Corporation Ltd.
CHN,"China Fund, Inc. (The)"
CGA,"China Green Agriculture, Inc."
LFC,China Life Insurance Company Limited
CHL,China Mobile (Hong Kong) Ltd.
COE,China Online Education Group
SNP,China Petroleum & Chemical Corporation
XRF,China Rapid Finance Limited
ZNH,China Southern Airlines Company Limited
CHA,China Telecom Corp Ltd
CHU,China Unicom (Hong Kong) Ltd
CYD,China Yuchai International Limited
CMG,"Chipotle Mexican Grill, Inc."
CHH,"Choice Hotels International, Inc."
CB,Chubb Limited
CHT,"Chunghwa Telecom Co., Ltd."
CHD,"Church & Dwight Company, Inc."
CCX,Churchill Capital Corp II
CCX.U,Churchill Capital Corp II
CCX.WS,Churchill Capital Corp II
CCXX,Churchill Capital Corp III
CCXX.U,Churchill Capital Corp III
CCXX.WS,Churchill Capital Corp III
CIEN,Ciena Corporation
CI,Cigna Corporation
XEC,Cimarex Energy Co
CBB,Cincinnati Bell Inc
CBB^B,Cincinnati Bell Inc
CNK,Cinemark Holdings Inc
CINR,Ciner Resources LP
CIR,"CIRCOR International, Inc."
CIT,CIT Group Inc (DEL)
CIT^B,CIT Group Inc (DEL)
CCAC,CITIC Capital Acquisition Corp.
CCAC.U,CITIC Capital Acquisition Corp.
CCAC.WS,CITIC Capital Acquisition Corp.
BLW,Citigroup Inc.
C,Citigroup Inc.
C^J,Citigroup Inc.
C^K,Citigroup Inc.
C^N,Citigroup Inc.
C^S,Citigroup Inc.
CFG,"Citizens Financial Group, Inc."
CFG^D,"Citizens Financial Group, Inc."
CFG^E,"Citizens Financial Group, Inc."
CIA,"Citizens, Inc."
CIO,"City Office REIT, Inc."
CIO^A,"City Office REIT, Inc."
CVEO,Civeo Corporation
CCC,Clarivate Analytics Plc
CLH,"Clean Harbors, Inc."
CCO,"Clear Channel Outdoor Holdings, Inc."
EMO,ClearBridge Energy Midstream Opportunity Fund Inc.
CEM,ClearBridge MLP and Midstream Fund Inc.
CTR,ClearBridge MLP and Midstream Total Return Fund In
CLW,Clearwater Paper Corporation
CWEN,"Clearway Energy, Inc."
CWEN.A,"Clearway Energy, Inc."
CLF,Cleveland-Cliffs Inc.
CLPR,Clipper Realty Inc.
CLX,Clorox Company (The)
CLDR,"Cloudera, Inc."
NET,"Cloudflare, Inc."
CMS,CMS Energy Corporation
CMS^B,CMS Energy Corporation
CMSA,CMS Energy Corporation
CMSC,CMS Energy Corporation
CMSD,CMS Energy Corporation
CNA,CNA Financial Corporation
CNF,CNFinance Holdings Limited
CNHI,CNH Industrial N.V.
CNO,"CNO Financial Group, Inc."
CEO,CNOOC Limited
CNXM,CNX Midstream Partners LP
CNX,CNX Resources Corporation
KOF,Coca Cola Femsa S.A.B. de C.V.
KO,Coca-Cola Company (The)
CCEP,Coca-Cola European Partners plc
CDE,"Coeur Mining, Inc."
FOF,"Cohen & Steers Closed-End Opportunity Fund, Inc."
CNS,Cohen & Steers Inc
UTF,"Cohen & Steers Infrastructure Fund, Inc"
LDP,"Cohen & Steers Limited Duration Preferred and Income Fund, Inc"
MIE,"Cohen & Steers MLP Income and Energy Opportunity Fund, Inc."
RQI,Cohen & Steers Quality Income Realty Fund Inc.
RNP,"Cohen & Steers REIT and Preferred and Income Fund,"
PSF,"Cohen & Steers Select Preferred and Income Fund, Inc."
RFI,"Cohen & Steers Total Return Realty Fund, Inc."
CFX,Colfax Corporation
CFXA,Colfax Corporation
CL,Colgate-Palmolive Company
CCH,Collier Creek Holdings
CCH.U,Collier Creek Holdings
CCH.WS,Collier Creek Holdings
CXE,Colonial High Income Municipal Trust
CIF,Colonial Intermediate High Income Fund
CXH,Colonial Investment Grade Municipal Trust
CMU,Colonial Municipal Income Trust
CLNY,"Colony Capital, Inc."
CLNY^G,"Colony Capital, Inc."
CLNY^H,"Colony Capital, Inc."
CLNY^I,"Colony Capital, Inc."
CLNY^J,"Colony Capital, Inc."
CLNC,"Colony Credit Real Estate, Inc."
CXP,"Columbia Property Trust, Inc."
STK,"Columbia Seligman Premium Technology Growth Fund, Inc"
CCZ,Comcast Corporation
CMA,Comerica Incorporated
FIX,"Comfort Systems USA, Inc."
CMC,Commercial Metals Company
CBU,"Community Bank System, Inc."
CYH,"Community Health Systems, Inc."
CHCT,Community Healthcare Trust Incorporated
CIG,Comp En De Mn Cemig ADS
CIG.C,Comp En De Mn Cemig ADS
CBD,Companhia Brasileira de Distribuicao
SBS,Companhia de saneamento Basico Do Estado De Sao Paulo - Sabesp
ELP,Companhia Paranaense de Energia (COPEL)
CCU,"Compania Cervecerias Unidas, S.A."
CODI,Compass Diversified Holdings
CODI^A,Compass Diversified Holdings
CODI^B,Compass Diversified Holdings
CODI^C,Compass Diversified Holdings
CMP,"Compass Minerals International, Inc."
CRK,"Comstock Resources, Inc."
CAG,"ConAgra Brands, Inc."
CXO,Concho Resources Inc.
CCM,Concord Medical Services Holdings Limited
CNMD,CONMED Corporation
COP,ConocoPhillips
CCR,CONSOL Coal Resources LP
CEIX,CONSOL Energy Inc.
ED,Consolidated Edison Inc
STZ,Constellation Brands Inc
STZ.B,Constellation Brands Inc
CSTM,Constellium SE
TCS,Container Store (The)
CLR,"Continental Resources, Inc."
VLRS,"Controladora Vuela Compania de Aviacion, S.A.B. de C.V."
CTRA,"Contura Energy, Inc."
CTB,Cooper Tire & Rubber Company
CPS,Cooper-Standard Holdings Inc.
CTK,CooTek (Cayman) Inc.
CPA,"Copa Holdings, S.A."
CLB,Core Laboratories N.V.
CXW,"CoreCivic, Inc."
CLGX,"CoreLogic, Inc."
CORR,"CorEnergy Infrastructure Trust, Inc."
CORR^A,"CorEnergy Infrastructure Trust, Inc."
CPLG,CorePoint Lodging Inc.
COR,CoreSite Realty Corporation
CNR,"Cornerstone Building Brands, Inc."
GLW,Corning Incorporated
CAAP,Corporacion America Airports SA
GYC,Corporate Asset Backed Corp CABCO
OFC,Corporate Office Properties Trust
CTVA,"Corteva, Inc."
CZZ,Cosan Limited
CMRE,Costamare Inc.
CMRE^B,Costamare Inc.
CMRE^C,Costamare Inc.
CMRE^D,Costamare Inc.
CMRE^E,Costamare Inc.
COTY,Coty Inc.
CUZ,Cousins Properties Incorporated
CVA,Covanta Holding Corporation
CVIA,Covia Holdings Corporation
CPF,CPB Inc.
CR,Crane Co.
CRD.A,Crawford & Company
CRD.B,Crawford & Company
BAP,Credicorp Ltd.
CS,Credit Suisse Group
CPG,Crescent Point Energy Corporation
CEQP,Crestwood Equity Partners LP
CEQP^,Crestwood Equity Partners LP
CRH,CRH PLC
CRT,Cross Timbers Royalty Trust
CAPL,CrossAmerica Partners LP
CCI,Crown Castle International Corporation
CCI^A,Crown Castle International Corporation
CCK,"Crown Holdings, Inc."
CRY,"CryoLife, Inc."
CTS,CTS Corporation
CUBE,CubeSmart
CUB,Cubic Corporation
CFR,"Cullen/Frost Bankers, Inc."
CULP,"Culp, Inc."
CMI,Cummins Inc.
CURO,CURO Group Holdings Corp.
CW,Curtiss-Wright Corporation
SRF,Cushing Energy Income Fund (The)
SRV,Cushing MLP & Infrastructure Total Return Fund
SZC,Cushing NextGen Infrastructure Income Fund
CWK,Cushman & Wakefield plc
CUBB,"Customers Bancorp, Inc"
CUBI,"Customers Bancorp, Inc"
CUBI^C,"Customers Bancorp, Inc"
CUBI^D,"Customers Bancorp, Inc"
CUBI^E,"Customers Bancorp, Inc"
CUBI^F,"Customers Bancorp, Inc"
CVI,CVR Energy Inc.
UAN,"CVR Partners, LP"
CVS,CVS Health Corporation
CELP,"Cypress Environmental Partners, L.P. "
DHI,"D.R. Horton, Inc."
DAN,Dana Incorporated
DHR,Danaher Corporation
DHR^A,Danaher Corporation
DAC,Danaos Corporation
DQ,DAQO New Energy Corp.
DRI,"Darden Restaurants, Inc."
DAR,Darling Ingredients Inc.
DVA,DaVita Inc.
DCP,DCP Midstream LP
DCP^B,DCP Midstream LP
DCP^C,DCP Midstream LP
DECK,Deckers Outdoor Corporation
DE,Deere & Company
DEX,Delaware Enhanced Global Dividend
DDF,"Delaware Investments Dividend & Income Fund, Inc."
DKL,"Delek Logistics Partners, L.P."
DK,"Delek US Holdings, Inc."
DELL,Dell Technologies Inc.
DLPH,Delphi Technologies PLC
DAL,"Delta Air Lines, Inc."
DLX,Deluxe Corporation
DNR,Denbury Resources Inc.
DBI,Designer Brands Inc.
DESP,"Despegar.com, Corp."
DB,Deutsche Bank AG
DXB.CL,Deutsche Bank AG
DVN,Devon Energy Corporation
DHX,"DHI Group, Inc."
DHT,"DHT Holdings, Inc."
DEO,Diageo plc
DSSI,Diamond S Shipping Inc.
DRH,Diamondrock Hospitality Company
DSX,Diana Shipping inc.
DSX^B,Diana Shipping inc.
DKS,Dick&#39;s Sporting Goods Inc
DBD,Diebold Nixdorf Incorporated
DLR,"Digital Realty Trust, Inc."
DLR^C,"Digital Realty Trust, Inc."
DLR^G,"Digital Realty Trust, Inc."
DLR^I,"Digital Realty Trust, Inc."
DLR^J,"Digital Realty Trust, Inc."
DLR^K,"Digital Realty Trust, Inc."
DLR^L,"Digital Realty Trust, Inc."
DDS,"Dillard&#39;s, Inc."
DDT,"Dillard&#39;s, Inc."
DIN,"Dine Brands Global, Inc."
DFS,Discover Financial Services
DNI,Dividend and Income Fund
DMYT,"dMY Technology Group, Inc."
DMYT.U,"dMY Technology Group, Inc."
DMYT.WS,"dMY Technology Group, Inc."
DLB,Dolby Laboratories
DG,Dollar General Corporation
D,"Dominion Energy, Inc."
DCUE,"Dominion Energy, Inc."
DRUA,"Dominion Energy, Inc."
DPZ,Domino&#39;s Pizza Inc
UFS,Domtar Corporation
DCI,"Donaldson Company, Inc."
DFIN,"Donnelley Financial Solutions, Inc."
LPG,Dorian LPG Ltd.
DSL,DoubleLine Income Solutions Fund
DBL,DoubleLine Opportunistic Credit Fund
DLY,DoubleLine Yield Opportunities Fund
PLOW,"Douglas Dynamics, Inc."
DEI,"Douglas Emmett, Inc."
DOV,Dover Corporation
DVD,"Dover Motorsports, Inc."
DOW,Dow Inc.
RDY,Dr. Reddy&#39;s Laboratories Ltd
DRD,DRDGOLD Limited
DRQ,"Dril-Quip, Inc."
DS,Drive Shack Inc.
DS^B,Drive Shack Inc.
DS^C,Drive Shack Inc.
DS^D,Drive Shack Inc.
DTE,DTE Energy Company
DTJ,DTE Energy Company
DTP,DTE Energy Company
DTQ,DTE Energy Company
DTW,DTE Energy Company
DTY,DTE Energy Company
DCO,Ducommun Incorporated
DSE,Duff & Phelps Select MLP and Midstream Energy Fund
DNP,"Duff & Phelps Utilities Income, Inc."
DTF,"Duff & Phelps Utilities Tax-Free Income, Inc."
DUC,"Duff & Phelps Utility & Corporate Bond Trust, Inc."
DPG,Duff & Phelps Utility and Infrastructure Fund Inc.
DUK,Duke Energy Corporation
DUK^A,Duke Energy Corporation
DUKB,Duke Energy Corporation
DUKH,Duke Energy Corporation
DRE,Duke Realty Corporation
DD,"DuPont de Nemours, Inc."
DXC,DXC Technology Company
DY,"Dycom Industries, Inc."
DLNG,Dynagas LNG Partners LP
DLNG^A,Dynagas LNG Partners LP
DLNG^B,Dynagas LNG Partners LP
DT,"Dynatrace, Inc."
DX,"Dynex Capital, Inc."
DX^B,"Dynex Capital, Inc."
DX^C,"Dynex Capital, Inc."
CTA^A,E.I. du Pont de Nemours and Company
CTA^B,E.I. du Pont de Nemours and Company
ELF,"e.l.f. Beauty, Inc."
EGIF,Eagle Growth and Income Opportunities Fund
EXP,Eagle Materials Inc
ECC           ,Eagle Point Credit Company Inc.
ECCB,Eagle Point Credit Company Inc.
ECCX,Eagle Point Credit Company Inc.
ECCY,Eagle Point Credit Company Inc.
EIC,Eagle Point Income Company Inc.
ESTE,"Earthstone Energy, Inc."
DEA,"Easterly Government Properties, Inc."
EGP,"EastGroup Properties, Inc."
EMN,Eastman Chemical Company
KODK,Eastman Kodak Company
ETN,"Eaton Corporation, PLC"
ETV,Eaton Vance Corporation
ETW,Eaton Vance Corporation
EV,Eaton Vance Corporation
EOI,Eaton Vance Enhance Equity Income Fund
EOS,Eaton Vance Enhanced Equity Income Fund II
EFT,Eaton Vance Floating Rate Income Trust
EFL,Eaton Vance Floating-Rate 2022 Target Term Trust
EFF,Eaton vance Floating-Rate Income Plus Fund
EHT,Eaton Vance High Income 2021 Target Term Trust
ETX           ,Eaton Vance Municipal Income 2028 Term Trust
EOT,Eaton Vance Municipal Income Trust
EVN,Eaton Vance Municipal Income Trust
ETJ,Eaton Vance Risk-Managed Diversified Equity Income Fund
EFR,Eaton Vance Senior Floating-Rate Fund
EVF,Eaton Vance Senior Income Trust
EVG,Eaton Vance Short Diversified Income Fund
EVT,Eaton Vance Tax Advantaged Dividend Income Fund
ETO,Eaton Vance Tax-Advantage Global Dividend Opp
ETG,Eaton Vance Tax-Advantaged Global Dividend Income Fund
ETB,Eaton Vance Tax-Managed Buy-Write Income Fund
EXD,Eaton Vance Tax-Managed Buy-Write Strategy Fund
ETY,Eaton Vance Tax-Managed Diversified Equity Income Fund
EXG,Eaton Vance Tax-Managed Global Diversified Equity Income Fund
ECT,ECA Marcellus Trust I
ECL,Ecolab Inc.
EC,Ecopetrol S.A.
EPC,Edgewell Personal Care
EIX,Edison International
EW,Edwards Lifesciences Corporation
EP^C,El Paso Corporation
EE,El Paso Electric Company
ELAN,Elanco Animal Health Incorporated
ELAT,Elanco Animal Health Incorporated
ESTC,Elastic N.V.
EGO,Eldorado Gold Corporation
ESI,Element Solutions Inc.
ELVT,"Elevate Credit, Inc."
LLY,Eli Lilly and Company
EFC,Ellington Financial Inc.
EFC^A,Ellington Financial Inc.
EARN,Ellington Residential Mortgage REIT
AKO.A,Embotelladora Andina S.A.
AKO.B,Embotelladora Andina S.A.
ERJ,Embraer S.A.
EME,"EMCOR Group, Inc."
EEX,"Emerald Holding, Inc."
EBS,"Emergent Biosolutions, Inc."
EMR,Emerson Electric Company
ESRT,"Empire State Realty Trust, Inc."
EIG,Employers Holdings Inc
EDN,Empresa Distribuidora Y Comercializadora Norte S.A. (Edenor)
ENBL,"Enable Midstream Partners, LP"
ENB,Enbridge Inc
ENBA,Enbridge Inc
EHC,Encompass Health Corporation
DAVA,Endava plc
EXK,Endeavour Silver Corporation
ENIA,Enel Americas S.A.
ENIC,Enel Chile S.A.
ENR,"Energizer Holdings, Inc."
ENR^A,"Energizer Holdings, Inc."
ET,Energy Transfer L.P.
ETP^C,"Energy Transfer Operating, L.P."
ETP^D,"Energy Transfer Operating, L.P."
ETP^E,"Energy Transfer Operating, L.P."
EPAC,Enerpac Tool Group Corp.
ERF,Enerplus Corporation
ENS,Enersys
E,ENI S.p.A.
ENLC,"EnLink Midstream, LLC"
EBF,"Ennis, Inc."
ENVA,"Enova International, Inc."
NPO,EnPro Industries
ETM,Entercom Communications Corp.
EAB,"Entergy Arkansas, LLC"
EAE,"Entergy Arkansas, LLC"
EAI,"Entergy Arkansas, LLC"
ETR,Entergy Corporation
ELC,"Entergy Louisiana, Inc."
ELJ,"Entergy Louisiana, Inc."
ELU,"Entergy Louisiana, Inc."
EMP,"Entergy Mississippi, LLC"
ENJ,"Entergy New Orleans, LLC"
ENO,"Entergy New Orleans, LLC"
ETI^,Entergy Texas Inc
EZT,Entergy Texas Inc
EPD,Enterprise Products Partners L.P.
EVC,Entravision Communications Corporation
ENV,"Envestnet, Inc"
NVST,Envista Holdings Corporation
EVA,"Enviva Partners, LP"
ENZ,"Enzo Biochem, Inc."
EOG,"EOG Resources, Inc."
EPAM,"EPAM Systems, Inc."
EPR,EPR Properties
EPR^C,EPR Properties
EPR^E,EPR Properties
EPR^G,EPR Properties
EQM,"EQM Midstream Partners, LP"
EQT,EQT Corporation
EFX,"Equifax, Inc."
EQNR,Equinor ASA
EQH,"Equitable Holdings, Inc."
EQH^A,"Equitable Holdings, Inc."
ETRN,Equitrans Midstream Corporation
EQC,Equity Commonwealth
EQC^D,Equity Commonwealth
ELS,"Equity Lifestyle Properties, Inc."
EQR,Equity Residential
EQS,"Equus Total Return, Inc."
ERA,"Era Group, Inc."
EROS,Eros International PLC
ESE,ESCO Technologies Inc.
ESNT,Essent Group Ltd.
EPRT,"Essential Properties Realty Trust, Inc."
WTRG,"Essential Utilities, Inc."
WTRU,"Essential Utilities, Inc."
ESS,"Essex Property Trust, Inc."
EL,"Estee Lauder Companies, Inc. (The)"
ETH,Ethan Allen Interiors Inc.
EURN,Euronav NV
EEA,"European Equity Fund, Inc. (The)"
EB,"Eventbrite, Inc."
EVR,Evercore Inc.
RE,"Everest Re Group, Ltd."
EVRG,"Evergy, Inc."
EVRI,Everi Holdings Inc.
ES,Eversource Energy
EVTC,"Evertec, Inc."
EVH,"Evolent Health, Inc"
AQUA,Evoqua Water Technologies Corp.
XAN,Exantas Capital Corp.
XAN^C,Exantas Capital Corp.
EXPR,"Express, Inc."
EXTN,Exterran Corporation
EXR,Extra Space Storage Inc
XOM,Exxon Mobil Corporation
FNB,F.N.B. Corporation
FNB^E,F.N.B. Corporation
FN,Fabrinet
FDS,FactSet Research Systems Inc.
FICO,Fair Isaac Corporation
SFUN,Fang Holdings Limited
FPAC,Far Point Acquisition Corporation
FPAC.U,Far Point Acquisition Corporation
FPAC.WS,Far Point Acquisition Corporation
FTCH,Farfetch Limited
FPI,Farmland Partners Inc.
FPI^B,Farmland Partners Inc.
FSLY,"Fastly, Inc."
FBK,FB Financial Corporation
FFG,"FBL Financial Group, Inc."
AGM,Federal Agricultural Mortgage Corporation
AGM.A,Federal Agricultural Mortgage Corporation
AGM^A,Federal Agricultural Mortgage Corporation
AGM^C,Federal Agricultural Mortgage Corporation
AGM^D,Federal Agricultural Mortgage Corporation
FRT,Federal Realty Investment Trust
FRT^C,Federal Realty Investment Trust
FSS,Federal Signal Corporation
FHI,"Federated Hermes, Inc."
FMN,Federated Premier Municipal Income Fund
FDX,FedEx Corporation
RACE,Ferrari N.V.
FOE,Ferro Corporation
FG,FGL Holdings
FG.WS,FGL Holdings
FCAU,Fiat Chrysler Automobiles N.V.
FNF,"Fidelity National Financial, Inc."
FIS,"Fidelity National Information Services, Inc."
FMO,Fiduciary/Claymore Energy Infrastructure Fund
FINV,FinVolution Group
FAF,First American Corporation (The)
FBP,First BanCorp.
FCF,First Commonwealth Financial Corporation
FHN,First Horizon National Corporation
FHN^A,First Horizon National Corporation
FR,"First Industrial Realty Trust, Inc."
AG,First Majestic Silver Corp.
FRC,FIRST REPUBLIC BANK
FRC^F,FIRST REPUBLIC BANK
FRC^G,FIRST REPUBLIC BANK
FRC^H,FIRST REPUBLIC BANK
FRC^I,FIRST REPUBLIC BANK
FRC^J,FIRST REPUBLIC BANK
FFA,First Trust
FMY,First Trust
FDEU,First Trust Dynamic Europe Equity Income Fund
FIF,First Trust Energy Infrastructure Fund
FSD,First Trust High Income Long Short Fund
FPF,First Trust Intermediate Duration Preferred & Income Fund
FEI           ,First Trust MLP and Energy Income Fund
FPL,First Trust New Opportunities MLP & Energy Fund
FIV,First Trust Senior Floating Rate 2022 Target Term Fund
FCT,First Trust Senior Floating Rate Income Fund II
FGB,First Trust Specialty Finance and Financial Opportunities Fund
FEO,First Trust/Aberdeen Emerging Opportunity Fund
FAM,First Trust/Aberdeen Global Opportunity Income Fund
FE,FirstEnergy Corp.
FIT,"Fitbit, Inc."
FPH,"Five Point Holdings, LLC"
FVRR,Fiverr International Ltd.
FBC,"Flagstar Bancorp, Inc."
DFP,Flaherty & Crumrine Dynamic Preferred and Income Fund Inc.
PFD,Flaherty & Crumrine Preferred and Income Fund Inco
PFO,Flaherty & Crumrine Preferred and Income Opportuni
FFC,Flaherty & Crumrine Preferred and Income Securitie
FLC,Flaherty & Crumrine Total Return Fund Inc
FLT,"FleetCor Technologies, Inc."
FLNG,FLEX LNG Ltd.
FND,"Floor & Decor Holdings, Inc."
FTK,"Flotek Industries, Inc."
FLO,"Flowers Foods, Inc."
FLS,Flowserve Corporation
FLR,Fluor Corporation
FLY,Fly Leasing Limited
FEAC,Flying Eagle Acquisition Corp.
FEAC.U,Flying Eagle Acquisition Corp.
FEAC.WS,Flying Eagle Acquisition Corp.
FMC,FMC Corporation
FMX,Fomento Economico Mexicano S.A.B. de C.V.
FL,"Foot Locker, Inc."
F,Ford Motor Company
F^B,Ford Motor Company
F^C,Ford Motor Company
FOR,Forestar Group Inc
FTS,Fortis Inc.
FTV,Fortive Corporation
FTV^A,Fortive Corporation
FTAI,Fortress Transportation and Infrastructure Investors LLC
FTAI^A,Fortress Transportation and Infrastructure Investors LLC
FTAI^B,Fortress Transportation and Infrastructure Investors LLC
FVAC.U,Fortress Value Acquisition Corp.
FSM,Fortuna Silver Mines Inc.
FBHS,"Fortune Brands Home & Security, Inc."
FET,"Forum Energy Technologies, Inc."
FBM,"Foundation Building Materials, Inc."
FCPT,"Four Corners Property Trust, Inc."
FEDU,Four Seasons Education (Cayman) Inc.
FNV,Franco-Nevada Corporation
FC,Franklin Covey Company
FSB,"Franklin Financial Network, Inc."
BEN,"Franklin Resources, Inc."
FT,Franklin Universal Trust
FI,Frank&#39;s International N.V.
FCX,"Freeport-McMoran, Inc."
FMS,Fresenius Medical Care Corporation
FDP,"Fresh Del Monte Produce, Inc."
RESI,Front Yard Residential Corporation
FRO,Frontline Ltd.
FSK,FS KKR Capital Corp.
FCN,"FTI Consulting, Inc."
FTSI,"FTS International, Inc."
FF,FutureFuel Corp.
GCV,"Gabelli Convertible and Income Securities Fund, Inc. (The)"
GAB,"Gabelli Equity Trust, Inc. (The)"
GAB^G,"Gabelli Equity Trust, Inc. (The)"
GAB^H,"Gabelli Equity Trust, Inc. (The)"
GAB^J,"Gabelli Equity Trust, Inc. (The)"
GAB^K,"Gabelli Equity Trust, Inc. (The)"
GGZ,Gabelli Global Small and Mid Cap Value Trust (The)
GGZ^A,Gabelli Global Small and Mid Cap Value Trust (The)
GGT,Gabelli Multi-Media Trust Inc. (The)
GGT^E,Gabelli Multi-Media Trust Inc. (The)
GGT^G,Gabelli Multi-Media Trust Inc. (The)
GUT,Gabelli Utility Trust (The)
GUT^A,Gabelli Utility Trust (The)
GUT^C,Gabelli Utility Trust (The)
GCAP,"GAIN Capital Holdings, Inc."
GLEO,Galileo Acquisition Corp.
GLEO.U,Galileo Acquisition Corp.
GLEO.WS,Galileo Acquisition Corp.
GBL,"Gamco Investors, Inc."
GNT,"GAMCO Natural Resources, Gold & Income Tust "
GNT^A,"GAMCO Natural Resources, Gold & Income Tust "
GME,Gamestop Corporation
GCI,"Gannett Co., Inc."
GPS,"Gap, Inc. (The)"
GTX,Garrett Motion Inc.
IT,"Gartner, Inc."
GLOG,GasLog LP.
GLOG^A,GasLog LP.
GLOP,GasLog Partners LP
GLOP^A,GasLog Partners LP
GLOP^B,GasLog Partners LP
GLOP^C,GasLog Partners LP
GTES,Gates Industrial Corporation plc
GATX,GATX Corporation
GMTA,GATX Corporation
GCP,GCP Applied Technologies Inc.
GNK,Genco Shipping & Trading Limited 
GNRC,Generac Holdlings Inc.
GAM,"General American Investors, Inc."
GAM^B,"General American Investors, Inc."
GD,General Dynamics Corporation
GE,General Electric Company
GIS,"General Mills, Inc."
GM,General Motors Company
GCO,Genesco Inc.
GEL,"Genesis Energy, L.P."
GEN           ,"Genesis Healthcare, Inc."
GNE,Genie Energy Ltd.
GNE^A,Genie Energy Ltd.
G,Genpact Limited
GPC,Genuine Parts Company
GNW,Genworth Financial Inc
GEO,Geo Group Inc (The)
GPRK,Geopark Ltd
GPJA,Georgia Power Company
GGB,Gerdau S.A.
GTY,Getty Realty Corporation
GFL,GFL Environmental Inc.
GFLU,GFL Environmental Inc.
GIX,"GigCapital2, Inc."
GIX.U,"GigCapital2, Inc."
GIX.WS,"GigCapital2, Inc."
GIX~,"GigCapital2, Inc."
GIL,"Gildan Activewear, Inc."
GLT,Glatfelter
GKOS,Glaukos Corporation
GSK,GlaxoSmithKline PLC
CO,Global Cord Blood Corporation
GMRE,Global Medical REIT Inc.
GMRE^A,Global Medical REIT Inc.
GNL,"Global Net Lease, Inc."
GNL^A,"Global Net Lease, Inc."
GNL^B,"Global Net Lease, Inc."
GLP,Global Partners LP
GLP^A,Global Partners LP
GPN,Global Payments Inc.
GSL,"Global Ship Lease, Inc."
GSL^B,"Global Ship Lease, Inc."
GSLD,"Global Ship Lease, Inc."
GLOB,Globant S.A.
GL,Globe Life Inc.
GL^C,Globe Life Inc.
GMED,"Globus Medical, Inc."
GMS,GMS Inc.
GNC,"GNC Holdings, Inc."
GDDY,GoDaddy Inc.
GOL,Gol Linhas Aereas Inteligentes S.A.
GFI,Gold Fields Limited
GSBD,"Goldman Sachs BDC, Inc."
GS,"Goldman Sachs Group, Inc. (The)"
GS^A,"Goldman Sachs Group, Inc. (The)"
GS^C,"Goldman Sachs Group, Inc. (The)"
GS^D,"Goldman Sachs Group, Inc. (The)"
GS^J,"Goldman Sachs Group, Inc. (The)"
GS^K,"Goldman Sachs Group, Inc. (The)"
GS^N,"Goldman Sachs Group, Inc. (The)"
GER,Goldman Sachs MLP Energy Renaissance Fund
GMZ,Goldman Sachs MLP Income Opportunities Fund
GRC,Gorman-Rupp Company (The)
GPX,GP Strategies Corporation
GGG,Graco Inc.
GRAF,Graf Industrial Corp.
GRAF.U,Graf Industrial Corp.
GRAF.WS,Graf Industrial Corp.
EAF,GrafTech International Ltd.
GHM,Graham Corporation
GHC,Graham Holdings Company
GRAM,Grana y Montero S.A.A.
GVA,Granite Construction Incorporated
GPMT,Granite Point Mortgage Trust Inc.
GRP.U,Granite Real Estate Inc.
GPK,Graphic Packaging Holding Company
GTN,"Gray Television, Inc."
GTN.A,"Gray Television, Inc."
AJX,Great Ajax Corp.
AJXA,Great Ajax Corp.
GWB,"Great Western Bancorp, Inc."
GDOT,Green Dot Corporation
GBX,"Greenbrier Companies, Inc. (The)"
GHL,"Greenhill & Co., Inc."
GHG,GreenTree Hospitality Group Ltd.
GEF,"Greif, Inc."
GEF.B,"Greif, Inc."
GFF,Griffon Corporation
GPI,"Group 1 Automotive, Inc."
GRUB,GrubHub Inc.
PAC,"Grupo Aeroportuario Del Pacifico, S.A. de C.V."
ASR,"Grupo Aeroportuario del Sureste, S.A. de C.V."
AVAL,Grupo Aval Acciones y Valores S.A.
SUPV,Grupo Supervielle S.A.
TV,Grupo Televisa S.A.
GSX,GSX Techedu Inc.
GTT,"GTT Communications, Inc."
GSH,Guangshen Railway Company Limited
GES,"Guess?, Inc."
GGM,Guggenheim Credit Allocation Fund
GPM,Guggenheim Enhanced Equity Income Fund
GOF,Guggenheim Strategic Opportunities Fund
GBAB,Guggenheim Taxable Municipal Managed Duration Trst
GWRE,"Guidewire Software, Inc."
HRB,"H&R Block, Inc."
FUL,H. B. Fuller Company
HAE,Haemonetics Corporation
HAL,Halliburton Company
HBB,Hamilton Beach Brands Holding Company
HBI,Hanesbrands Inc.
HNGR,"Hanger, Inc."
HASI,"Hannon Armstrong Sustainable Infrastructure Capital, Inc."
HOG,"Harley-Davidson, Inc."
HMY,Harmony Gold Mining Company Limited
HSC,Harsco Corporation
HHS,"Harte-Hanks, Inc."
HGH,"Hartford Financial Services Group, Inc. (The)"
HIG,"Hartford Financial Services Group, Inc. (The)"
HIG^G,"Hartford Financial Services Group, Inc. (The)"
HVT,"Haverty Furniture Companies, Inc."
HVT.A,"Haverty Furniture Companies, Inc."
HE,"Hawaiian Electric Industries, Inc."
HCHC,"HC2 Holdings, Inc."
HCA,"HCA Healthcare, Inc."
HCI,"HCI Group, Inc."
HDB,HDFC Bank Limited
HR,Healthcare Realty Trust Incorporated
HTA,"Healthcare Trust of America, Inc."
PEAK,"Healthpeak Properties, Inc."
HL,Hecla Mining Company
HL^B,Hecla Mining Company
HEI,Heico Corporation
HEI.A,Heico Corporation
HLX,"Helix Energy Solutions Group, Inc."
HP,"Helmerich & Payne, Inc."
HLF,Herbalife Nutrition Ltd.
HRI,Herc Holdings Inc.
HCXY,"Hercules Capital, Inc."
HCXZ,"Hercules Capital, Inc."
HTGC,"Hercules Capital, Inc."
HRTG,"Heritage Insurance Holdings, Inc."
PSV,Hermitage Offshore Services Ltd.
HT,Hersha Hospitality Trust
HT^C,Hersha Hospitality Trust
HT^D,Hersha Hospitality Trust
HT^E,Hersha Hospitality Trust
HSY,Hershey Company (The)
HTZ,"Hertz Global Holdings, Inc"
HES,Hess Corporation
HESM,Hess Midstream LP
HPE,Hewlett Packard Enterprise Company
HXL,Hexcel Corporation
HEXO,HEXO Corp.
HCR,Hi-Crush Inc.
PCF,High Income Securities Fund
HGLB,Highland Global Allocation Fund
HFRO,Highland Income Fund
HFRO^A,Highland Income Fund
HPR,HighPoint Resources Corporation
HIW,"Highwoods Properties, Inc."
HIL,"Hill International, Inc."
HI,Hillenbrand Inc
HRC,Hill-Rom Holdings Inc
HTH,Hilltop Holdings Inc.
HGV,Hilton Grand Vacations Inc.
HLT,Hilton Worldwide Holdings Inc.
HNI,HNI Corporation
HMLP,Hoegh LNG Partners LP
HMLP^A,Hoegh LNG Partners LP
HEP,"Holly Energy Partners, L.P."
HFC,HollyFrontier Corporation
HD,"Home Depot, Inc. (The)"
HMC,"Honda Motor Company, Ltd."
HON,Honeywell International Inc.
HMN,Horace Mann Educators Corporation
HZN,Horizon Global Corporation
HTFA,Horizon Technology Finance Corporation
HRL,Hormel Foods Corporation
HST,"Host Hotels & Resorts, Inc."
HLI,"Houlihan Lokey, Inc."
HOV,Hovnanian Enterprises Inc
HHC,Howard Hughes Corporation (The)
HWM,Howmet Aerospace Inc.
HPQ,HP Inc.
HSBC,HSBC Holdings plc
HSBC^A,HSBC Holdings plc
HMI,Huami Corporation
HNP,"Huaneng Power International, Inc."
HUBB,Hubbell Inc
HUBS,"HubSpot, Inc."
HBM,Hudbay Minerals Inc.
HUD,Hudson Ltd.
HPP,"Hudson Pacific Properties, Inc."
HUM,Humana Inc.
HCFT,"Hunt Companies Finance Trust, Inc."
HII,"Huntington Ingalls Industries, Inc."
HUN,Huntsman Corporation
HUYA,HUYA Inc.
H,Hyatt Hotels Corporation
HY,"Hyster-Yale Materials Handling, Inc."
IAA,"IAA, Inc."
IAG,Iamgold Corporation
IBN,ICICI Bank Limited
IDA,"IDACORP, Inc."
IEX,IDEX Corporation
IDT,IDT Corporation
INFO,IHS Markit Ltd.
ITW,Illinois Tool Works Inc.
IMAX,Imax Corporation
ICD,"Independence Contract Drilling, Inc."
IHC,Independence Holding Company
IRT,"Independence Realty Trust, Inc."
IFN,"India Fund, Inc. (The)"
IBA,"Industrias Bachoco, S.A. de C.V."
INFY,Infosys Limited
ING,"ING Group, N.V."
IR,Ingersoll Rand Inc.
NGVT,Ingevity Corporation
INGR,Ingredion Incorporated
IIPR,"Innovative Industrial Properties, Inc."
IIPR^A,"Innovative Industrial Properties, Inc."
IPHI,Inphi Corporation
INSI,Insight Select Income Fund
NSP,"Insperity, Inc."
INSP,"Inspire Medical Systems, Inc."
IBP,"Installed Building Products, Inc."
ITGR,Integer Holdings Corporation
I,Intelsat S.A.
ICE,Intercontinental Exchange Inc.
IHG,Intercontinental Hotels Group
IFS,Intercorp Financial Services Inc.
IBM,International Business Machines Corporation
IFF,"International Flavors & Fragrances, Inc."
IFFT,"International Flavors & Fragrances, Inc."
IGT,International Game Technology
IP,International Paper Company
INSW,"International Seaways, Inc."
INSW^A,"International Seaways, Inc."
IPV,InterPrivate Acquisition Corp.
IPV.U,InterPrivate Acquisition Corp.
IPV.WS,InterPrivate Acquisition Corp.
IPG,"Interpublic Group of Companies, Inc. (The)"
IPI,"Intrepid Potash, Inc"
IVC,Invacare Corporation
VBF,Invesco Bond Fund
VCV,Invesco California Value Municipal Income Trust
VTA,Invesco Credit Opportunities Fund
IHIT,Invesco High Income 2023 Target Term Fund
IHTA,Invesco High Income 2024 Target Term Fund
VLT,Invesco High Income Trust II
IVR,INVESCO MORTGAGE CAPITAL INC
IVR^B,INVESCO MORTGAGE CAPITAL INC
IVR^C,INVESCO MORTGAGE CAPITAL INC
IVR^A,Invesco Mortgage Capital Inc.
OIA,Invesco Municipal Income Opportunities Trust
VMO,Invesco Municipal Opportunity Trust
VKQ,Invesco Municipal Trust
VPV,Invesco Pennsylvania Value Municipal Income Trust
IVZ,Invesco Plc
IQI,Invesco Quality Municipal Income Trust
VVR,Invesco Senior Income Trust
VTN,Invesco Trust  for Investment Grade New York Municipal
VGM,Invesco Trust for Investment Grade Municipals
IIM,Invesco Value Municipal Income Trust
IRET,Investors Real Estate Trust
IRET^C,Investors Real Estate Trust
NVTA,Invitae Corporation
INVH,Invitation Homes Inc.
IO,Ion Geophysical Corporation
IQV,"IQVIA Holdings, Inc."
IRM,Iron Mountain Incorporated
IRS,IRSA Inversiones Y Representaciones S.A.
ICL,Israel Chemicals Shs
STAR          ,iStar Inc.
STAR^D,iStar Inc.
STAR^G,iStar Inc.
STAR^I,iStar Inc.
ITCB,Ita? CorpBanca
ITUB,Itau Unibanco Banco Holding SA
ITT,ITT Inc.
IVH,Ivy High Income Opportunities Fund
JPM,J P Morgan Chase & Co
JPM^C,J P Morgan Chase & Co
JPM^D,J P Morgan Chase & Co
JPM^G,J P Morgan Chase & Co
JPM^H,J P Morgan Chase & Co
JPM^J,J P Morgan Chase & Co
JAX,"J. Alexander&#39;s Holdings, Inc."
JILL,"J. Jill, Inc."
JCP,"J.C. Penney Company, Inc. Holding Company"
SJM,J.M. Smucker Company (The)
JBL,Jabil Inc.
J,Jacobs Engineering Group Inc.
JHX,James Hardie Industries plc.
JHG,Janus Henderson Group plc
JOF,Japan Smaller Capitalization Fund Inc
JBGS,JBG SMITH Properties
JEF,Jefferies Financial Group Inc.
JELD,"JELD-WEN Holding, Inc."
JCAP,"Jernigan Capital, Inc."
JCAP^B,"Jernigan Capital, Inc."
JT,Jianpu Technology Inc.
JKS,JinkoSolar Holding Company Limited
JMP,JMP Group LLC
JBT,John Bean Technologies Corporation
BTO,John Hancock Financial Opportunities Fund
HEQ,John Hancock Hedged Equity & Income Fund
JHS,John Hancock Income Securities Trust
JHI,John Hancock Investors Trust
HPF,John Hancock Pfd Income Fund II
HPI,John Hancock Preferred Income Fund
HPS,John Hancock Preferred Income Fund III
PDT,John Hancock Premium Dividend Fund
HTD,John Hancock Tax Advantaged Dividend Income Fund
HTY,John Hancock Tax-Advantaged Global Shareholder Yield Fund
JW.A,"John Wiley & Sons, Inc."
JW.B,"John Wiley & Sons, Inc."
JNJ,Johnson & Johnson
JCI,Johnson Controls International plc
JLL,Jones Lang LaSalle Incorporated
JMIA,Jumia Technologies AG
JIH,"Juniper Industrial Holdings, Inc."
JIH.U,"Juniper Industrial Holdings, Inc."
JIH.WS,"Juniper Industrial Holdings, Inc."
JNPR,"Juniper Networks, Inc."
JP,Jupai Holdings Limited
JE,"Just Energy Group, Inc."
JE^A,"Just Energy Group, Inc."
LRN,K12 Inc
KAI,Kadant Inc
KDMN,"Kadmon Holdings, Inc."
KAMN,Kaman Corporation
KSU,Kansas City Southern
KSU^,Kansas City Southern
KAR,"KAR Auction Services, Inc"
KMF,"Kayne Anderson Midstream Energy Fund, Inc"
KYN,Kayne Anderson MLP/Midstream Investment Company
KB,KB Financial Group Inc
KBH,KB Home
KBR,"KBR, Inc."
K,Kellogg Company
KEM,Kemet Corporation
KMPR,Kemper Corporation
KMT,Kennametal Inc.
KW,Kennedy-Wilson Holdings Inc.
KEN,Kenon Holdings Ltd.
KDP,Keurig Dr Pepper Inc.
KEY,KeyCorp
KEY^I,KeyCorp
KEY^J,KeyCorp
KEY^K,KeyCorp
KEYS,Keysight Technologies Inc.
KRC,Kilroy Realty Corporation
KRP,Kimbell Royalty Partners
KMB,Kimberly-Clark Corporation
KIM,Kimco Realty Corporation
KIM^L,Kimco Realty Corporation
KIM^M,Kimco Realty Corporation
KMI,"Kinder Morgan, Inc."
KFS,"Kingsway Financial Services, Inc."
KGC,Kinross Gold Corporation
KEX,Kirby Corporation
KL,Kirkland Lake Gold Ltd.
KRG,Kite Realty Group Trust
KKR,KKR & Co. Inc.
KKR^A,KKR & Co. Inc.
KKR^B,KKR & Co. Inc.
KIO,KKR Income Opportunities Fund
KREF,KKR Real Estate Finance Trust Inc.
KNX,"Knight Transportation, Inc."
KNL,"Knoll, Inc."
KNOP,KNOT Offshore Partners LP
KN,Knowles Corporation
KSS,Kohl&#39;s Corporation
PHG,Koninklijke Philips N.V.
KTB,"Kontoor Brands, Inc."
KOP,Koppers Holdings Inc.
KEP,Korea Electric Power Corporation
KF,"Korea Fund, Inc. (The)"
KFY,Korn Ferry 
KOS,Kosmos Energy Ltd.
KRA,Kraton Corporation
KR,Kroger Company (The)
KRO,Kronos Worldwide Inc
KT,KT Corporation
LB,"L Brands, Inc."
SCX,L.S. Starrett Company (The)
LHX,"L3Harris Technologies, Inc."
LH,Laboratory Corporation of America Holdings
LADR,Ladder Capital Corp
LAIX,LAIX Inc.
LW,"Lamb Weston Holdings, Inc."
LCI,Lannett Co Inc
LPI,"Laredo Petroleum, Inc."
LVS,Las Vegas Sands Corp.
LTM,LATAM Airlines Group S.A.
LGI,Lazard Global Total Return and Income Fund
LAZ,Lazard Ltd.
LZB,La-Z-Boy Incorporated
LCII,LCI Industries 
LEAF,Leaf Group Ltd.
LEA,Lear Corporation
LEE,"Lee Enterprises, Incorporated"
LGC,Legacy Acquisition Corp.
LGC.U,Legacy Acquisition Corp.
LGC.WS,Legacy Acquisition Corp.
LM,"Legg Mason, Inc."
LMHA,"Legg Mason, Inc."
LMHB,"Legg Mason, Inc."
LEG,"Leggett & Platt, Incorporated"
JBK,Lehman ABS Corporation
KTH,Lehman ABS Corporation
KTN,Lehman ABS Corporation
KTP,Lehman ABS Corporation
LDOS,"Leidos Holdings, Inc."
LEJU,Leju Holdings Limited
LC,LendingClub Corporation
LEN,Lennar Corporation
LEN.B,Lennar Corporation
LII,"Lennox International, Inc."
LHC,Leo Holdings Corp.
LHC.U,Leo Holdings Corp.
LHC.WS,Leo Holdings Corp.
LEVI,Levi Strauss & Co
LXP,Lexington Realty Trust
LXP^C,Lexington Realty Trust
LPL,"LG Display Co., Ltd."
DFNS,LGL Systems Acquisition Corp.
DFNS.U,LGL Systems Acquisition Corp.
DFNS.WS,LGL Systems Acquisition Corp.
USA,Liberty All-Star Equity Fund
ASG,"Liberty All-Star Growth Fund, Inc."
LBRT,Liberty Oilfield Services Inc.
LSI,"Life Storage, Inc."
LITB,"LightInTheBox Holding Co., Ltd."
LNC,Lincoln National Corporation
LIN,Linde plc
LNN,Lindsay Corporation
LN,LINE Corporation
LINX,Linx S.A.
LGF.A,Lions Gate Entertainment Corporation
LGF.B,Lions Gate Entertainment Corporation
LAD,"Lithia Motors, Inc."
LAC,Lithium Americas Corp.
LYV,"Live Nation Entertainment, Inc."
LOAK.U,Live Oak Acquisition Corp.
LTHM,Livent Corporation
RAMP,"LiveRamp Holdings, Inc."
LYG,Lloyds Banking Group Plc
SCD,LMP Capital and Income Fund Inc.
LMT,Lockheed Martin Corporation
L,Loews Corporation
LOMA,Loma Negra Compania Industrial Argentina Sociedad Anonima
LPX,Louisiana-Pacific Corporation
LOW,"Lowe&#39;s Companies, Inc."
LXU,Lsb Industries Inc.
LTC,"LTC Properties, Inc."
LUB,"Luby&#39;s, Inc."
LL,"Lumber Liquidators Holdings, Inc"
LXFR,Luxfer Holdings PLC
LDL,"Lydall, Inc."
LYB,LyondellBasell Industries NV
MTB,M&T Bank Corporation
MDC,"M.D.C. Holdings, Inc."
MHO,"M/I Homes, Inc."
MAC,Macerich Company (The)
CLI,Mack-Cali Realty Corporation
MFD,Macquarie First Trust Global
MGU,Macquarie Global Infrastructure Total Return Fund Inc.
MIC,Macquarie Infrastructure Corporation 
BMA,Macro Bank Inc.
M,Macy&#39;s Inc
MCN,Madison Covered Call & Equity Strategy Fund
MSGE,Madison Square Garden Entertainment Corp.
MSGS,Madison Square Garden Sports Corp.
MMP,Magellan Midstream Partners L.P.
MGA,"Magna International, Inc."
MX,MagnaChip Semiconductor Corporation
MGY,Magnolia Oil & Gas Corporation
MH^A,"Maiden Holdings, Ltd."
MH^C,"Maiden Holdings, Ltd."
MH^D,"Maiden Holdings, Ltd."
MHLA,"Maiden Holdings, Ltd."
MHNC,"Maiden Holdings, Ltd."
MAIN,Main Street Capital Corporation
MMD,MainStay MacKay DefinedTerm Municipal Opportunitie
MNK,Mallinckrodt plc
MANU,Manchester United Ltd.
MTW,"Manitowoc Company, Inc. (The)"
MN,"Manning & Napier, Inc."
MAN,ManpowerGroup
MFC,Manulife Financial Corp
MRO,Marathon Oil Corporation
MPC,Marathon Petroleum Corporation
MMI,"Marcus & Millichap, Inc."
MCS,Marcus Corporation (The)
MPX,Marine Products Corporation
HZO,"MarineMax, Inc."
MKL,Markel Corporation
VAC,Marriott Vacations Worldwide Corporation
MMC,"Marsh & McLennan Companies, Inc."
MLM,"Martin Marietta Materials, Inc."
MAS,Masco Corporation
DOOR,Masonite International Corporation
MTZ,"MasTec, Inc."
MA,Mastercard Incorporated
MTDR,Matador Resources Company
MTRN,Materion Corporation
MATX,"Matson, Inc."
MLP,"Maui Land & Pineapple Company, Inc."
MAXR,Maxar Technologies Inc.
MMS,"Maximus, Inc."
MXL,"MaxLinear, Inc"
MEC,"Mayville Engineering Company, Inc."
MBI,"MBIA, Inc."
MKC,"McCormick & Company, Incorporated"
MKC.V,"McCormick & Company, Incorporated"
MCD,McDonald&#39;s Corporation
MUX,McEwen Mining Inc.
MCK,McKesson Corporation
MDU,"MDU Resources Group, Inc."
MTL,Mechel PAO
MTL^,Mechel PAO
MDLA,"Medallia, Inc."
MPW,"Medical Properties Trust, Inc."
MED,MEDIFAST INC
MCC,Medley Capital Corporation
MCV,Medley Capital Corporation
MCX,Medley Capital Corporation
MDLQ,Medley LLC
MDLX,Medley LLC
MDLY,Medley Management Inc.
MD,"Mednax, Inc"
MDT,Medtronic plc
MFAC,Megalith Financial Acquisition Corp.
MFAC.U,Megalith Financial Acquisition Corp.
MFAC.WS,Megalith Financial Acquisition Corp.
MRK,"Merck & Company, Inc."
MCY,Mercury General Corporation
MDP,Meredith Corporation
MTH,Meritage Corporation
MTOR,"Meritor, Inc."
MER^K,"Merrill Lynch & Co., Inc."
PIY,"Merrill Lynch Depositor, Inc."
MTR,Mesa Royalty Trust
MSB,Mesabi Trust
MEI,"Methode Electronics, Inc."
MET,"MetLife, Inc."
MET^A,"MetLife, Inc."
MET^E,"MetLife, Inc."
MET^F,"MetLife, Inc."
MCB,Metropolitan Bank Holding Corp.
MTD,"Mettler-Toledo International, Inc."
MXE,"Mexico Equity and Income Fund, Inc. (The)"
MXF,"Mexico Fund, Inc. (The)"
MFA,"MFA Financial, Inc."
MFA^B,"MFA Financial, Inc."
MFA^C,"MFA Financial, Inc."
MFO,"MFA Financial, Inc."
MCR,MFS Charter Income Trust
MGF,MFS Government Markets Income Trust
MIN,MFS Intermediate Income Trust
MMT,MFS Multimarket Income Trust
MFM,MFS Municipal Income Trust
MFV,MFS Special Value Trust
MTG,MGIC Investment Corporation
MGP,MGM Growth Properties LLC
MGM,MGM Resorts International
MFGP,Micro Focus Intl PLC
MAA,"Mid-America Apartment Communities, Inc."
MAA^I,"Mid-America Apartment Communities, Inc."
AMPY,"MIDSTATES PETROLEUM COMPANY, INC."
MLR,"Miller Industries, Inc."
HIE,Miller/Howard High Income Equity Fund
MTX,Minerals Technologies Inc.
MG,Mistras Group Inc
MUFG,Mitsubishi UFJ Financial Group Inc
MIXT,MiX Telematics Limited
MFG,"Mizuho Financial Group, Inc."
MBT,Mobile TeleSystems OJSC
MODN,"Model N, Inc."
MOD,Modine Manufacturing Company
MC,Moelis & Company
MOGU,MOGU Inc.
MHK,"Mohawk Industries, Inc."
MOH,Molina Healthcare Inc
TAP,Molson Coors Beverage Company
TAP.A,Molson Coors Beverage Company
MNR,Monmouth Real Estate Investment Corporation
MNR^C,Monmouth Real Estate Investment Corporation
MR,Montage Resources Corporation
MCO,Moody&#39;s Corporation
MOG.A,Moog Inc.
MOG.B,Moog Inc.
MS,Morgan Stanley
MS^A,Morgan Stanley
MS^E,Morgan Stanley
MS^F,Morgan Stanley
MS^I,Morgan Stanley
MS^K,Morgan Stanley
MS^L,Morgan Stanley
CAF,Morgan Stanley China A Share Fund Inc.
MSD,"Morgan Stanley Emerging Markets Debt Fund, Inc."
EDD,"Morgan Stanley Emerging Markets Domestic Debt Fund, Inc."
IIF,"Morgan Stanley India Investment Fund, Inc."
MOS,Mosaic Company (The)
MSI,"Motorola Solutions, Inc."
MOV,Movado Group Inc.
MPLX,MPLX LP
MRC,MRC Global Inc.
HJV,MS Structured Asset Corp Saturns GE Cap Corp Series 2002-14
MSA,MSA Safety Incorporporated
MSM,"MSC Industrial Direct Company, Inc."
MSCI,MSCI Inc
MSGN,MSG Networks Inc.
MLI,"Mueller Industries, Inc."
MWA,Mueller Water Products Inc
MVF,"MuniVest Fund, Inc."
MZA,"MuniYield Arizona Fund, Inc."
MUR,Murphy Oil Corporation
MUSA,Murphy USA Inc.
MVO,MV Oil Trust
MVC,"MVC Capital, Inc."
MVCD,"MVC Capital, Inc."
MYE,"Myers Industries, Inc."
MYOV,Myovant Sciences Ltd.
NBR,Nabors Industries Ltd.
NBR^A,Nabors Industries Ltd.
NC,"NACCO Industries, Inc."
NTP,Nam Tai Property Inc.
NTEST,NASDAQ TEST STOCK
NTEST.A,NASDAQ TEST STOCK
NTEST.B,NASDAQ TEST STOCK
NTEST.C,NASDAQ TEST STOCK
NBHC,National Bank Holdings Corporation
NFG,National Fuel Gas Company
NGG,"National Grid Transco, PLC"
NHI,"National Health Investors, Inc."
NOV,"National Oilwell Varco, Inc."
NPK,"National Presto Industries, Inc."
NNN,National Retail Properties
NNN^F,National Retail Properties
NRUC,National Rural Utilities Cooperative Finance Corporation
SID,National Steel Company
NSA,National Storage Affiliates Trust
NSA^A,National Storage Affiliates Trust
NTCO,Natura &Co Holding S.A.
NGS,"Natural Gas Services Group, Inc."
NGVC,"Natural Grocers by Vitamin Cottage, Inc."
NRP,Natural Resource Partners LP
NTZ,"Natuzzi, S.p.A."
NLS,"Nautilus Group, Inc. (The)"
NVGS,Navigator Holdings Ltd.
NNA,Navios Maritime Acquisition Corporation
NM,Navios Maritime Holdings Inc.
NM^G,Navios Maritime Holdings Inc.
NM^H,Navios Maritime Holdings Inc.
NMM,Navios Maritime Partners LP
NAV,Navistar International Corporation
NAV^D,Navistar International Corporation
NCR,NCR Corporation
NP,"Neenah, Inc."
NNI,"Nelnet, Inc."
NPTN,NeoPhotonics Corporation
NSCO,"Nesco Holdings, Inc."
NSCO.WS,"Nesco Holdings, Inc."
NVRO,Nevro Corp.
HYB,"New America High Income Fund, Inc. (The)"
NFH,New Frontier Health Corporation
NFH.WS,New Frontier Health Corporation
GF,"New Germany Fund, Inc. (The)"
NWHM,New Home Company Inc. (The)
IRL,"New Ireland Fund, Inc. (The)"
NMFC,New Mountain Finance Corporation
NMFX,New Mountain Finance Corporation
EDU,"New Oriental Education & Technology Group, Inc."
NEWR,"New Relic, Inc."
NRZ,New Residential Investment Corp.
NRZ^A,New Residential Investment Corp.
NRZ^B,New Residential Investment Corp.
NRZ^C,New Residential Investment Corp.
SNR,New Senior Investment Group Inc.
NYCB,"New York Community Bancorp, Inc."
NYCB^A,"New York Community Bancorp, Inc."
NYCB^U,"New York Community Bancorp, Inc."
NYT,New York Times Company (The)
NJR,NewJersey Resources Corporation
NEU,NewMarket Corporation
NEM,Newmont Corporation
NR,"Newpark Resources, Inc."
NEXA,Nexa Resources S.A.
NREF,"NexPoint Real Estate Finance, Inc."
NXRT,"NexPoint Residential Trust, Inc."
NHF,NexPoint Strategic Opportunities Fund
NEP,"NextEra Energy Partners, LP"
NEE,"NextEra Energy, Inc."
NEE^I,"NextEra Energy, Inc."
NEE^J,"NextEra Energy, Inc."
NEE^K,"NextEra Energy, Inc."
NEE^N,"NextEra Energy, Inc."
NEE^O,"NextEra Energy, Inc."
NEE^P,"NextEra Energy, Inc."
NEX,NexTier Oilfield Solutions Inc.
NGL,NGL ENERGY PARTNERS LP
NGL^B,NGL ENERGY PARTNERS LP
NGL^C,NGL ENERGY PARTNERS LP
NMK^B,"Niagara Mohawk Holdings, Inc."
NMK^C,"Niagara Mohawk Holdings, Inc."
NLSN,Nielsen N.V.
NKE,"Nike, Inc."
NINE,"Nine Energy Service, Inc."
NIO,NIO Inc.
NI,"NiSource, Inc"
NI^B,"NiSource, Inc"
NL,"NL Industries, Inc."
NOAH,Noah Holdings Ltd.
NE,Noble Corporation
NOK,Nokia Corporation
NOMD,Nomad Foods Limited
NMR,Nomura Holdings Inc ADR
OSB,Norbord Inc.
NAT,Nordic American Tankers Limited
JWN,"Nordstrom, Inc."
NSC,Norfolk Southern Corporation
NOA,North American Construction Group Ltd.
NRT,North European Oil Royality Trust
NOC,Northrop Grumman Corporation
NWN,Northwest Natural Holding Company
NWE,NorthWestern Corporation
NCLH,Norwegian Cruise Line Holdings Ltd.
NVS,Novartis AG
NVO,Novo Nordisk A/S
DNOW,NOW Inc.
NRG,"NRG Energy, Inc."
NUS,"Nu Skin Enterprises, Inc."
NUE,Nucor Corporation
NS,Nustar Energy L.P.
NS^A,Nustar Energy L.P.
NS^B,Nustar Energy L.P.
NS^C,Nustar Energy L.P.
NSS,"NuStar Logistics, L.P."
NTR,Nutrien Ltd.
NVG,Nuveen AMT-Free Municipal Credit Income Fund
NUV,Nuveen AMT-Free Municipal Value Fund
NUW,Nuveen AMT-Free Municipal Value Fund
NEA,Nuveen AMT-Free Quality Municipal Income Fund
NAZ,Nuveen Arizona Quality Municipal Income Fund
NKX,Nuveen California AMT-Free Quality Municipal Income Fund
NCB,Nuveen California Municipal Value Fund 2
NCA,"Nuveen California Municipal Value Fund, Inc."
NAC,Nuveen California Quality Municipal Income Fund
JCE,Nuveen Core Equity Alpha Fund
JCO,Nuveen Credit Opportunities 2022 Target Term Fund
JQC,Nuveen Credit Strategies Income Fund
JDD,Nuveen Diversified Dividend and Income Fund
DIAX,Nuveen Dow 30SM Dynamic Overwrite Fund
JEMD,Nuveen Emerging Markets Debt 2022 Target Term Fund
NEV,Nuveen Enhanced Municipal Value Fund
JFR,Nuveen Floating Rate Income Fund
JRO,Nuveen Floating Rate Income Opportuntiy Fund
NKG,Nuveen Georgia Quality Municipal Income Fund 
JGH,Nuveen Global High Income Fund
JHY,Nuveen High Income 2020 Target Term Fund
JHAA,Nuveen High Income 2023 Target Term Fund
JHB,Nuveen High Income November 2021 Target Term Fund
NXC,Nuveen Insured California Select Tax-Free Income Portfolio
NXN,Nuveen Insured New York Select Tax-Free Income Portfolio
NID,Nuveen Intermediate Duration Municipal Term Fund
NMY,Nuveen Maryland Quality Municipal Income Fund
NMT,Nuveen Massachusetts Municipal Income Fund
NUM,Nuveen Michigan Quality Municipal Income Fund
NMS,Nuveen Minnesota Quality Municipal Income Fund
NOM,Nuveen Missouri Quality Municipal Income Fund
JLS,Nuveen Mortgage and Income Fund
JMM,Nuveen Multi-Market Income Fund
NHA,Nuveen Municipal 2021 Target Term Fund
NZF,Nuveen Municipal Credit Income Fund
NMCO,Nuveen Municipal Credit Opportunities Fund
NMZ,Nuveen Municipal High Income Opportunity Fund
NMI,"Nuveen Municipal Income Fund, Inc."
NJV,Nuveen New Jersey Municipal Value Fund
NXJ,Nuveen New Jersey Quality Municipal Income Fund
NRK,Nuveen New York AMT-Free Quality Municipal
NYV,Nuveen New York Municipal Value Fund 2
NNY,"Nuveen New York Municipal Value Fund, Inc."
NAN,Nuveen New York Quality Municipal Income Fund
NUO,Nuveen Ohio Quality Municipal Income Fund
NPN,Nuveen Pennsylvania Municipal Value Fund
NQP,Nuveen Pennsylvania Quality Municipal Income Fund
JPC,Nuveen Preferred & Income Opportunities Fund
JPS,Nuveen Preferred & Income Securities Fund
JPT,Nuveen Preferred and Income 2022 Term Fund
JPI,Nuveen Preferred and Income Term Fund
NAD,Nuveen Quality Municipal Income Fund
JRI,Nuveen Real Asset Income and Growth Fund
JRS,Nuveen Real Estate Fund
BXMX,Nuveen S&P 500 Buy-Write Income Fund
SPXX,Nuveen S&P 500 Dynamic Overwrite Fund
NIM,Nuveen Select Maturities Municipal Fund
NXP,Nuveen Select Tax Free Income Portfolio
NXQ,Nuveen Select Tax Free Income Portfolio II
NXR,Nuveen Select Tax Free Income Portfolio III
NSL,Nuveen Senior Income Fund
JSD,Nuveen Short Duration Credit Opportunities Fund
NBB,Nuveen Taxable Municipal Income Fund
JTD,Nuveen Tax-Advantaged Dividend Growth Fund
JTA,Nuveen Tax-Advantaged Total Return Strategy Fund
NPV,Nuveen Virginia Quality Municipal Income Fund
NIQ,Nuveenn Intermediate Duration Quality Municipal Term Fund
NVT,nVent Electric plc
NVR,"NVR, Inc."
CTEST,NYSE Test One
CTEST.E,NYSE Test One
CTEST.G,NYSE Test One
CTEST.L,NYSE Test One
CTEST.O,NYSE Test One
CTEST.S,NYSE Test One
CTEST.V,NYSE Test One
OAC,Oaktree Acquisition Corp.
OAC.U,Oaktree Acquisition Corp.
OAC.WS,Oaktree Acquisition Corp.
OAK^A,"Oaktree Capital Group, LLC"
OAK^B,"Oaktree Capital Group, LLC"
OXY,Occidental Petroleum Corporation
OII,"Oceaneering International, Inc."
OCN,Ocwen Financial Corporation
OFG,OFG Bancorp
OFG^A,OFG Bancorp
OFG^B,OFG Bancorp
OFG^D,OFG Bancorp
OGE,OGE Energy Corp
OI,"O-I Glass, Inc."
OIBR.C,Oi S.A.
OIS,"Oil States International, Inc."
ODC,Oil-Dri Corporation Of America
ORI,Old Republic International Corporation
OLN,Olin Corporation
OHI,"Omega Healthcare Investors, Inc."
OMC,Omnicom Group Inc.
ONDK,"On Deck Capital, Inc."
OGS,"ONE Gas, Inc."
OLP,"One Liberty Properties, Inc."
OCFT,"OneConnect Financial Technology Co., Ltd."
OMF,"OneMain Holdings, Inc."
OKE,"ONEOK, Inc."
ONE,OneSmart International Education Group Limited
ONTO,Onto Innovation Inc.
OOMA,"Ooma, Inc."
OPY,"Oppenheimer Holdings, Inc."
ORCL,Oracle Corporation
ORAN,Orange
ORC,"Orchid Island Capital, Inc."
OEC,Orion Engineered Carbons S.A
ORN,"Orion Group Holdings, Inc."
IX,Orix Corp Ads
ORA,"Ormat Technologies, Inc."
OSK,Oshkosh Corporation
OR,Osisko Gold Royalties Ltd.
SFTW,Osprey Technology Acquisition Corp.
SFTW.U,Osprey Technology Acquisition Corp.
SFTW.WS,Osprey Technology Acquisition Corp.
OTIS,Otis Worldwide Corporation
OUT,OUTFRONT Media Inc.
OSG,"Overseas Shipholding Group, Inc."
OVV,Ovintiv Inc.
OMI,"Owens & Minor, Inc."
OC,Owens Corning Inc
ORCC,Owl Rock Capital Corporation
OXM,"Oxford Industries, Inc."
ROYT,Pacific Coast Oil Trust
PACD,Pacific Drilling S.A.
PCG,Pacific Gas & Electric Co.
PKG,Packaging Corporation of America
PD,"PagerDuty, Inc."
PAGS,PagSeguro Digital Ltd.
PANW,"Palo Alto Networks, Inc."
PAM,Pampa Energia S.A.
PHX,Panhandle Royalty Company
PARR,"Par Pacific Holdings, Inc."
PAR,PAR Technology Corporation
PGRE,"Paramount Group, Inc."
PKE,Park Aerospace Corp.
PK,Park Hotels & Resorts Inc.
PH,Parker-Hannifin Corporation
PE,"Parsley Energy, Inc."
PSN,Parsons Corporation
PRE^F,PartnerRe Ltd.
PRE^G,PartnerRe Ltd.
PRE^H,PartnerRe Ltd.
PRE^I,PartnerRe Ltd.
PRTY,Party City Holdco Inc.
PAYC,"Paycom Software, Inc."
PBF,PBF Energy Inc.
PBFX,PBF Logistics LP
BTU,Peabody Energy Corporation
PSO,"Pearson, Plc"
PEB,Pebblebrook Hotel Trust
PEB^C,Pebblebrook Hotel Trust
PEB^D,Pebblebrook Hotel Trust
PEB^E,Pebblebrook Hotel Trust
PEB^F,Pebblebrook Hotel Trust
PBA,Pembina Pipeline Corp.
PEI,Pennsylvania Real Estate Investment Trust
PEI^B,Pennsylvania Real Estate Investment Trust
PEI^C,Pennsylvania Real Estate Investment Trust
PEI^D,Pennsylvania Real Estate Investment Trust
PFSI,"PennyMac Financial Services, Inc."
PMT,PennyMac Mortgage Investment Trust
PMT^A,PennyMac Mortgage Investment Trust
PMT^B,PennyMac Mortgage Investment Trust
PAG,"Penske Automotive Group, Inc."
PNR,Pentair plc.
PEN,"Penumbra, Inc."
PFGC,Performance Food Group Company
PKI,"PerkinElmer, Inc."
PBT,Permian Basin Royalty Trust
PVL,Permianville Royalty Trust
PRT,PermRock Royalty Trust
PRGO,Perrigo Company
PRSP,Perspecta Inc.
PTR,PetroChina Company Limited
PBR,Petroleo Brasileiro S.A.- Petrobras
PBR.A,Petroleo Brasileiro S.A.- Petrobras
PFE,"Pfizer, Inc."
GHY,"PGIM Global High Yield Fund, Inc."
ISD,"PGIM High Yield Bond Fund, Inc."
PGTI,"PGT Innovations, Inc."
PM,Philip Morris International Inc
PSX,Phillips 66
PSXP,Phillips 66 Partners LP
FENG,Phoenix New Media Limited
DNK,Phoenix Tree Holdings Limited
PHR,"Phreesia, Inc."
DOC,Physicians Realty Trust
PDM,"Piedmont Office Realty Trust, Inc."
PCQ,PIMCO California Municipal Income Fund
PCK,Pimco California Municipal Income Fund II
PZC,PIMCO California Municipal Income Fund III
PCM,"PIMCO Commercial Mortgage Securities Trust, Inc."
PTY,Pimco Corporate & Income Opportunity Fund
PCN,Pimco Corporate & Income Stategy Fund
PCI,PIMCO Dynamic Credit and Mortgage Income Fund
PDI,PIMCO Dynamic Income Fund
NRGX,PIMCO Energy and Tactical Credit Opportunities Fund
PGP,Pimco Global Stocksplus & Income Fund
PHK,Pimco High Income Fund
PKO,Pimco Income Opportunity Fund
PFL,PIMCO Income Strategy Fund
PFN,PIMCO Income Strategy Fund II
PMF,PIMCO Municipal Income Fund
PML,Pimco Municipal Income Fund II
PMX,PIMCO Municipal Income Fund III
PNF,PIMCO New York Municipal Income Fund
PNI,Pimco New York Municipal Income Fund II
PYN,PIMCO New York Municipal Income Fund III
RCS,"PIMCO Strategic Income Fund, Inc."
PING,Ping Identity Holding Corp.
PNW,Pinnacle West Capital Corporation
PINS,"Pinterest, Inc."
PHD,Pioneer Floating Rate Trust
PHT,Pioneer High Income Trust
MAV,Pioneer Municipal High Income Advantage Trust
MHI,Pioneer Municipal High Income Trust
PXD,Pioneer Natural Resources Company
PIPR,Piper Sandler Companies
PBI,Pitney Bowes Inc.
PBI^B,Pitney Bowes Inc.
PIC,Pivotal Investment Corporation II
PIC.U,Pivotal Investment Corporation II
PIC.WS,Pivotal Investment Corporation II
PJT,PJT Partners Inc.
PAA,"Plains All American Pipeline, L.P."
PAGP,"Plains Group Holdings, L.P."
PLNT,"Planet Fitness, Inc."
PLT,"Plantronics, Inc."
AGS,"PlayAGS, Inc."
PHI,PLDT Inc.
PLYM,"Plymouth Industrial REIT, Inc."
PNC,"PNC Financial Services Group, Inc. (The)"
PNC^P,"PNC Financial Services Group, Inc. (The)"
PNC^Q,"PNC Financial Services Group, Inc. (The)"
PNM,"PNM Resources, Inc. (Holding Co.)"
PII,Polaris Inc.
POL,PolyOne Corporation
POR,Portland General Electric Company
PKX,POSCO
POST,"Post Holdings, Inc."
PSTL,"Postal Realty Trust, Inc."
PPG,"PPG Industries, Inc."
PPX,"PPL Capital Funding, Inc."
PPL,PPL Corporation
PYS,PPlus Trust
PYT,PPlus Trust
PQG,PQ Group Holdings Inc.
PDS,Precision Drilling Corporation
APTS,"Preferred Apartment Communities, Inc."
PBH,Prestige Consumer Healthcare Inc.
PVG,"Pretium Resources, Inc."
PRI,"Primerica, Inc."
PRMW,Primo Water Corporation
PGZ,Principal Real Estate Income Fund
PRIF^A,"Priority Income Fund, Inc."
PRIF^B,"Priority Income Fund, Inc."
PRIF^C,"Priority Income Fund, Inc."
PRIF^D,"Priority Income Fund, Inc."
PRIF^E,"Priority Income Fund, Inc."
PRIF^F,"Priority Income Fund, Inc."
PRA,ProAssurance Corporation
PG,Procter & Gamble Company (The)
PGR,Progressive Corporation (The)
PLD,"Prologis, Inc."
PUMP,ProPetro Holding Corp.
PRO,"PROS Holdings, Inc."
PROS,"ProSight Global, Inc."
PBB,Prospect Capital Corporation
PBC,Prospect Capital Corporation
PBY,Prospect Capital Corporation
PB,"Prosperity Bancshares, Inc."
PRLB,"Proto Labs, Inc."
PFS,"Provident Financial Services, Inc"
PJH,"Prudential Financial, Inc."
PRH,"Prudential Financial, Inc."
PRS,"Prudential Financial, Inc."
PRU,"Prudential Financial, Inc."
PUK,Prudential Public Limited Company
PUK^,Prudential Public Limited Company
PUK^A,Prudential Public Limited Company
PSB,"PS Business Parks, Inc."
PSB^W,"PS Business Parks, Inc."
PSB^X,"PS Business Parks, Inc."
PSB^Y,"PS Business Parks, Inc."
PSB^Z,"PS Business Parks, Inc."
TLK,"PT Telekomunikasi Indonesia, Tbk"
PEG,Public Service Enterprise Group Incorporated
PSA,Public Storage
PSA^B,Public Storage
PSA^C,Public Storage
PSA^D,Public Storage
PSA^E,Public Storage
PSA^F,Public Storage
PSA^G,Public Storage
PSA^H,Public Storage
PSA^I,Public Storage
PSA^J,Public Storage
PSA^K,Public Storage
PSA^V,Public Storage
PSA^W,Public Storage
PSA^X,Public Storage
PHM,"PulteGroup, Inc."
PSTG,"Pure Storage, Inc. "
PMM,Putnam Managed Municipal Income Trust
PIM,Putnam Master Intermediate Income Trust
PMO,Putnam Municipal Opportunities Trust
PPT,Putnam Premier Income Trust
NEW,Puxin Limited
PVH,PVH Corp.
PYX,"Pyxus International, Inc."
PZN,Pzena Investment Management Inc
QTWO,"Q2 Holdings, Inc."
QEP,"QEP Resources, Inc."
QGEN,Qiagen N.V.
QTS,"QTS Realty Trust, Inc."
QTS^A,"QTS Realty Trust, Inc."
QTS^B,"QTS Realty Trust, Inc."
QUAD,"Quad Graphics, Inc"
KWR,Quaker Chemical Corporation
NX,Quanex Building Products Corporation
PWR,"Quanta Services, Inc."
QD,Qudian Inc.
DGX,Quest Diagnostics Incorporated
QES,Quintana Energy Services Inc.
QUOT,Quotient Technology Inc.
QVCC,"QVC, Inc."
QVCD,"QVC, Inc."
CTAA,Qwest Corporation
CTBB,Qwest Corporation
CTDD,Qwest Corporation
CTV,Qwest Corporation
CTY,Qwest Corporation
CTZ,Qwest Corporation
RRD,R.R. Donnelley & Sons Company
RMED,"Ra Medical Systems, Inc."
RDN,Radian Group Inc.
RFL,"Rafael Holdings, Inc."
RL,Ralph Lauren Corporation
RRC,Range Resources Corporation
RNGR,"Ranger Energy Services, Inc."
PACK,Ranpak Holdings Corp
PACK.WS,Ranpak Holdings Corp
RJF,"Raymond James Financial, Inc."
RYAM,Rayonier Advanced Materials Inc.
RYN,Rayonier Inc.
RTX,Raytheon Technologies Corporation
RMAX,"RE/MAX Holdings, Inc."
RC,Ready Capital Corporation
RCA,Ready Capital Corporation
RCB,Ready Capital Corporation
RCP,Ready Capital Corporation
RLGY,Realogy Holdings Corp.
O,Realty Income Corporation
RLH,Red Lion Hotels Corporation
RWT,"Redwood Trust, Inc."
RBC,Regal Beloit Corporation
RM,Regional Management Corp.
RF,Regions Financial Corporation
RF^A,Regions Financial Corporation
RF^B,Regions Financial Corporation
RF^C,Regions Financial Corporation
RGS,Regis Corporation
RGA,"Reinsurance Group of America, Incorporated"
RZA,"Reinsurance Group of America, Incorporated"
RZB,"Reinsurance Group of America, Incorporated"
RS,Reliance Steel & Aluminum Co.
RELX,RELX PLC
RNR,RenaissanceRe Holdings Ltd.
RNR^E,RenaissanceRe Holdings Ltd.
RNR^F,RenaissanceRe Holdings Ltd.
SOL,Renesola Ltd.
RENN,Renren Inc.
RPLA,Replay Acquisition Corp.
RPLA.U,Replay Acquisition Corp.
RPLA.WS,Replay Acquisition Corp.
RSG,"Republic Services, Inc."
REZI,"Resideo Technologies, Inc."
RMD,ResMed Inc.
RFP,Resolute Forest Products Inc.
QSR,Restaurant Brands International Inc.
RPAI,"Retail Properties of America, Inc."
RVI,Retail Value Inc.
REVG,"REV Group, Inc."
REV,"Revlon, Inc."
RVLV,"Revolve Group, Inc."
REX,REX American Resources Corporation
REXR,"Rexford Industrial Realty, Inc."
REXR^A,"Rexford Industrial Realty, Inc."
REXR^B,"Rexford Industrial Realty, Inc."
REXR^C,"Rexford Industrial Realty, Inc."
RXN,Rexnord Corporation
RH,RH
RNG,"Ringcentral, Inc."
RIO,Rio Tinto Plc
RBA,Ritchie Bros. Auctioneers Incorporated
RAD,Rite Aid Corporation
RFM,"RiverNorth Flexible Municipal Income Fund, Inc."
RMM,"RiverNorth Managed Duration Municipal Income Fund, Inc."
RMI,"RiverNorth Opportunistic Municipal Income Fund, Inc."
RIV,"RiverNorth Opportunities Fund, Inc."
RMPL^,RiverNorth Specialty Finance Corporation
RSF,RiverNorth Specialty Finance Corporation
OPP,"RiverNorth/DoubleLine Strategic Opportunity Fund, Inc."
RLI,RLI Corp.
RLJ,RLJ Lodging Trust
RLJ^A,RLJ Lodging Trust
RMG,RMG Acquisition Corp.
RMG.U,RMG Acquisition Corp.
RMG.WS,RMG Acquisition Corp.
RHI,Robert Half International Inc.
ROK,"Rockwell Automation, Inc."
RCI,"Rogers Communication, Inc."
ROG,Rogers Corporation
ROL,"Rollins, Inc."
ROP,"Roper Technologies, Inc."
RST,Rosetta Stone
RY,Royal Bank Of Canada
RY^T,Royal Bank Of Canada
RBS,Royal Bank Scotland plc (The)
RCL,Royal Caribbean Cruises Ltd.
RDS.A,Royal Dutch Shell PLC
RDS.B,Royal Dutch Shell PLC
RGT,"Royce Global Value Trust, Inc."
RMT,"Royce Micro-Cap Trust, Inc."
RVT,"Royce Value Trust, Inc."
RES,"RPC, Inc."
RPM,RPM International Inc.
RPT,RPT Realty
RPT^D,RPT Realty
RTW,"RTW Retailwinds, Inc."
RYB,"RYB Education, Inc."
R,"Ryder System, Inc."
RYI,Ryerson Holding Corporation
RHP,"Ryman Hospitality Properties, Inc."
SPGI,S&P Global Inc.
SBR,Sabine Royalty Trust
SB,"Safe Bulkers, Inc"
SB^C,"Safe Bulkers, Inc"
SB^D,"Safe Bulkers, Inc"
SFE,"Safeguard Scientifics, Inc."
SAFE,Safehold Inc.
SAIL,"SailPoint Technologies Holdings, Inc."
CRM,Salesforce.com Inc
SMM,Salient Midstream & MLP Fund
SBH,"Sally Beauty Holdings, Inc."
SJT,San Juan Basin Royalty Trust
SD,"SandRidge Energy, Inc."
PER,SandRidge Permian Trust
SAND          ,Sandstorm Gold Ltd
SC,Santander Consumer USA Holdings Inc.
SAP,SAP SE
SAF,Saratoga Investment Corp
SAR,Saratoga Investment Corp
SSL,Sasol Ltd.
BFS,"Saul Centers, Inc."
BFS^D,"Saul Centers, Inc."
BFS^E,"Saul Centers, Inc."
SCPE,SC Health Corporation
SCPE.U,SC Health Corporation
SCPE.WS,SC Health Corporation
SLB,Schlumberger N.V.
SNDR,"Schneider National, Inc."
SWM,"Schweitzer-Mauduit International, Inc."
SAIC,SCIENCE APPLICATIONS INTERNATIONAL CORPORATION
SALT,Scorpio Bulkers Inc.
SBNA,Scorpio Tankers Inc.
STNG,Scorpio Tankers Inc.
SMG,Scotts Miracle-Gro Company (The)
KTF,Scudder Municiple Income Trust
KSM,Scudder Strategic Municiple Income Trust
SRL,Scully Royalty Ltd.
SCU,"Sculptor Capital Management, Inc."
SCVX,SCVX Corp.
SCVX.U,SCVX Corp.
SCVX.WS,SCVX Corp.
SE,Sea Limited
SA,"Seabridge Gold, Inc."
CKH,"SEACOR Holdings, Inc."
SMHI,SEACOR Marine Holdings Inc.
SDRL,Seadrill Limited
SEE,Sealed Air Corporation
SEAS,"SeaWorld Entertainment, Inc."
JBN,Select Asset Inc.
JBR,Select Asset Inc.
WTTR,"Select Energy Services, Inc."
SEM,Select Medical Holdings Corporation
SRE,Sempra Energy
SRE^A,Sempra Energy
SRE^B,Sempra Energy
SREA,Sempra Energy
ST,Sensata Technologies Holding plc
SXT,Sensient Technologies Corporation
SQNS,Sequans Communications S.A.
SRG,Seritage Growth Properties
SRG^A,Seritage Growth Properties
SCI,Service Corporation International
SERV,"ServiceMaster Global Holdings, Inc."
NOW,"ServiceNow, Inc."
SFL,SFL Corporation Ltd
SHAK,"Shake Shack, Inc."
SJR,Shaw Communications Inc.
SHLX,"Shell Midstream Partners, L.P."
SHW,Sherwin-Williams Company (The)
SHG,Shinhan Financial Group Co Ltd
SHOP,Shopify Inc.
SSTK,"Shutterstock, Inc."
SBSW,Sibayne Gold Limited
SIG,Signet Jewelers Limited
SBOW,"SilverBow Resorces, Inc."
SI,Silvergate Capital Corporation
SPG,"Simon Property Group, Inc."
SPG^J,"Simon Property Group, Inc."
SSD,"Simpson Manufacturing Company, Inc."
SHI,"SINOPEC Shangai Petrochemical Company, Ltd."
SITC,SITE Centers Corp.
SITC^A,SITE Centers Corp.
SITC^K,SITE Centers Corp.
SITE,"SiteOne Landscape Supply, Inc."
SIX,Six Flags Entertainment Corporation New
SJW,SJW Group
SKM,"SK Telecom Co., Ltd."
SKX,"Skechers U.S.A., Inc."
SKY,Skyline Champion Corporation
SLG,SL Green Realty Corp
SLG^I,SL Green Realty Corp
WORK,"Slack Technologies, Inc."
SM,SM Energy Company
SMAR,Smartsheet Inc.
SNN,"Smith & Nephew SNATS, Inc."
SNAP,Snap Inc.
SNA,Snap-On Incorporated
IPOB.U,Social Capital Hedosophia Holdings Corp. II
IPOC.U,Social Capital Hedosophia Holdings Corp. III
SQM,Sociedad Quimica y Minera S.A.
SOGO,Sogou Inc.
SOI,"Solaris Oilfield Infrastructure, Inc."
SWI,SolarWinds Corporation
SAH,"Sonic Automotive, Inc."
SON,Sonoco Products Company
SNE,Sony Corp Ord
SOR,"Source Capital, Inc."
SJI,"South Jersey Industries, Inc."
SJIJ,"South Jersey Industries, Inc."
SJIU,"South Jersey Industries, Inc."
SCE^G,Southern California Edison Company
SCE^H,Southern California Edison Company
SCE^J,Southern California Edison Company
SCE^K,Southern California Edison Company
SCE^L,Southern California Edison Company
SO,Southern Company (The)
SOJA,Southern Company (The)
SOJB,Southern Company (The)
SOJC,Southern Company (The)
SOJD,Southern Company (The)
SOLN,Southern Company (The)
SCCO,Southern Copper Corporation
LUV,Southwest Airlines Company
SWX,"Southwest Gas Holdings, Inc."
SWN,Southwestern Energy Company
SPAQ,Spartan Energy Acquisition Corp
SPAQ.U,Spartan Energy Acquisition Corp
SPAQ.WS,Spartan Energy Acquisition Corp
SPE,Special Opportunities Fund Inc.
SPE^B,Special Opportunities Fund Inc.
SPB           ,"Spectrum Brands Holdings, Inc."
SR,Spire Inc.
SR^A,Spire Inc.
SPR,"Spirit Aerosystems Holdings, Inc."
SAVE,"Spirit Airlines, Inc."
SRC,"Spirit Realty Capital, Inc."
SRC^A,"Spirit Realty Capital, Inc."
SPOT,Spotify Technology S.A.
SRLP,Sprague Resources LP
SPXC,SPX Corporation
FLOW,"SPX FLOW, Inc."
SQ,"Square, Inc."
JOE,St. Joe Company (The)
STAG,"Stag Industrial, Inc."
STAG^C,"Stag Industrial, Inc."
SSI,"Stage Stores, Inc."
SMP,"Standard Motor Products, Inc."
SXI,Standex International Corporation
SWK,"Stanley Black & Decker, Inc."
SWP,"Stanley Black & Decker, Inc."
SWT,"Stanley Black & Decker, Inc."
STN,Stantec Inc
SGU,"Star Group, L.P."
SRT,"StarTek, Inc."
STWD,"STARWOOD PROPERTY TRUST, INC."
STT,State Street Corporation
STT^D,State Street Corporation
STT^G,State Street Corporation
SPLP,Steel Partners Holdings LP
SPLP^A,Steel Partners Holdings LP
SCS,Steelcase Inc.
SCA,Stellus Capital Investment Corporation
SCM,Stellus Capital Investment Corporation
SCL,Stepan Company
STE,STERIS plc
STL,Sterling Bancorp
STL^A,Sterling Bancorp
STC,Stewart Information Services Corporation
SF,Stifel Financial Corporation
SF^A,Stifel Financial Corporation
SF^B,Stifel Financial Corporation
SFB,Stifel Financial Corporation
STM,STMicroelectronics N.V.
EDF,Stone Harbor Emerging Markets Income Fund
EDI,Stone Harbor Emerging Markets Total Income Fund
STON,StoneMor Inc.
SRI,"Stoneridge, Inc."
STOR,STORE Capital Corporation
GJH,STRATS Trust
GJO,STRATS Trust
GJS,STRATS Trust
SYK,Stryker Corporation
MSC,Studio City International Holdings Limited
RGR,"Sturm, Ruger & Company, Inc."
SPH,"Suburban Propane Partners, L.P."
SMFG,Sumitomo Mitsui Financial Group Inc
INN,"Summit Hotel Properties, Inc."
INN^D,"Summit Hotel Properties, Inc."
INN^E,"Summit Hotel Properties, Inc."
SUM,"Summit Materials, Inc."
SMLP,"Summit Midstream Partners, LP"
SUI,"Sun Communities, Inc."
SLF,Sun Life Financial Inc.
SXC,"SunCoke Energy, Inc."
SU,Suncor Energy  Inc.
STG,Sunlands Technology Group
NOVA,Sunnova Energy International Inc.
SUN,Sunoco LP
SHO,"Sunstone Hotel Investors, Inc."
SHO^E,"Sunstone Hotel Investors, Inc."
SHO^F,"Sunstone Hotel Investors, Inc."
SPN,"Superior Energy Services, Inc."
SUP,"Superior Industries International, Inc."
SOAC.U,Sustainable Opportunities Acquisition Corp.
SUZ,Suzano S.A.
SWZ,"Swiss Helvetia Fund, Inc. (The)"
SWCH,"Switch, Inc."
SBE,Switchback Energy Acquisition Corporation
SBE.U,Switchback Energy Acquisition Corporation
SBE.WS,Switchback Energy Acquisition Corporation
SYF,Synchrony Financial
SYF^A,Synchrony Financial
SNX,Synnex Corporation
SNV,Synovus Financial Corp.
SNV^D,Synovus Financial Corp.
SNV^E,Synovus Financial Corp.
GJP,"Synthetic Fixed-Income Securities, Inc."
GJR,"Synthetic Fixed-Income Securities, Inc."
GJT,"Synthetic Fixed-Income Securities, Inc."
SYY,Sysco Corporation
SYX,Systemax Inc.
TLRD,"Tailored Brands, Inc."
TWN,"Taiwan Fund, Inc. (The)"
TSM,Taiwan Semiconductor Manufacturing Company Ltd.
TAK,Takeda Pharmaceutical Company Limited
TAL,TAL Education Group
TALO,"Talos Energy, Inc."
SKT,"Tanger Factory Outlet Centers, Inc."
TPR,"Tapestry, Inc."
NGLS^A,Targa Resources Partners LP
TRGP,"Targa Resources, Inc."
TGT,Target Corporation
TARO,Taro Pharmaceutical Industries Ltd.
TTM,Tata Motors Ltd
TCO,"Taubman Centers, Inc."
TCO^J,"Taubman Centers, Inc."
TCO^K,"Taubman Centers, Inc."
TMHC,Taylor Morrison Home Corporation
TRP,TC Energy Corporation
TCP,"TC PipeLines, LP"
TSI,"TCW Strategic Income Fund, Inc."
TEL,TE Connectivity Ltd.
TISI,"Team, Inc."
FTI,TechnipFMC plc
TECK,Teck Resources Ltd
TK,Teekay Corporation
TGP,Teekay LNG Partners L.P.
TGP^A,Teekay LNG Partners L.P.
TGP^B,Teekay LNG Partners L.P.
TNK,Teekay Tankers Ltd.
TGNA,TEGNA Inc.
TRC,Tejon Ranch Co
HQH,Tekla Healthcare Investors
THQ,Tekla Healthcare Opportunies Fund
HQL,Tekla Life Sciences Investors
THW,Tekla World Healthcare Fund
TDOC,"Teladoc Health, Inc."
TEO,Telecom Argentina Stet - France Telecom S.A.
TDY,Teledyne Technologies Incorporated
TFX,Teleflex Incorporated
VIV,Telefonica Brasil S.A.
TEF,Telefonica SA
TDA,"Telephone and Data Systems, Inc."
TDE,"Telephone and Data Systems, Inc."
TDI,"Telephone and Data Systems, Inc."
TDJ,"Telephone and Data Systems, Inc."
TDS,"Telephone and Data Systems, Inc."
TU,TELUS Corporation
TDF,"Templeton Dragon Fund, Inc."
EMF,Templeton Emerging Markets Fund
TEI,"Templeton Emerging Markets Income Fund, Inc."
GIM,"Templeton Global Income Fund, Inc."
TPX,"Tempur Sealy International, Inc."
TS,Tenaris S.A.
TME,Tencent Music Entertainment Group
THC,Tenet Healthcare Corporation
TNC,Tennant Company
TEN,Tenneco Inc.
TVC,Tennessee Valley Authority
TVE,Tennessee Valley Authority
TDC,Teradata Corporation
TEX,Terex Corporation
TX,Ternium S.A.
TRNO,Terreno Realty Corporation
TTI,"Tetra Technologies, Inc."
TEVA,Teva Pharmaceutical Industries Limited
TPL,Texas Pacific Land Trust
TGH,Textainer Group Holdings Limited
TXT,Textron Inc.
TFII,TFI International Inc.
AES,The AES Corporation
BK,The Bank Of New York Mellon Corporation 
BK^C,The Bank Of New York Mellon Corporation 
BX,The Blackstone Group Inc.
CEE,"The Central and Eastern Europe Fund, Inc."
SCHW,The Charles Schwab Corporation
SCHW^C,The Charles Schwab Corporation
SCHW^D,The Charles Schwab Corporation
COO,"The Cooper Companies, Inc. "
GDV,The Gabelli Dividend & Income Trust
GDV^A,The Gabelli Dividend & Income Trust
GDV^G,The Gabelli Dividend & Income Trust
GDV^H,The Gabelli Dividend & Income Trust
GRX,The Gabelli Healthcare & Wellness Trust
GRX^B,The Gabelli Healthcare & Wellness Trust
GDL,The GDL Fund
GDL^C,The GDL Fund
THG,"The Hanover Insurance Group, Inc."
THGA,"The Hanover Insurance Group, Inc."
RUBI,"The Rubicon Project, Inc."
TRV,"The Travelers Companies, Inc."
VAM,The Vivaldi Opportunities Fund
TMO,Thermo Fisher Scientific Inc
THR,"Thermon Group Holdings, Inc."
TPRE,Third Point Reinsurance Ltd.
TSLF,THL Credit Senior Loan Fund
TCRW,"THL Credit, Inc."
TCRZ,"THL Credit, Inc."
TRI,Thomson Reuters Corp
THO,"Thor Industries, Inc."
TDW,Tidewater Inc.
TDW.WS.A,Tidewater Inc.
TDW.WS.B,Tidewater Inc.
TIF,Tiffany & Co.
TLYS,"Tilly&#39;s, Inc."
TSU,TIM Participacoes S.A.
TKR,Timken Company (The)
TMST,TimkenSteel Corporation
TWI,"Titan International, Inc."
TJX,"TJX Companies, Inc. (The)"
TOL,"Toll Brothers, Inc."
TR,"Tootsie Roll Industries, Inc."
BLD,TopBuild Corp.
TTC,Toro Company (The)
TD,Toronto Dominion Bank (The)
SHLL,Tortoise Acquisition Corp.
SHLL.U,Tortoise Acquisition Corp.
SHLL.WS,Tortoise Acquisition Corp.
NDP,"Tortoise Energy Independence Fund, Inc."
TYG,Tortoise Energy Infrastructure Corporation
TEAF,Tortoise Essential Assets Income Term Fund
NTG,"Tortoise Midstream Energy Fund, Inc."
TTP,"Tortoise Pipeline & Energy Fund, Inc."
TPZ,"Tortoise Power and Energy Infrastructure Fund, Inc"
TOT,Total S.A.
TSQ,"Townsquare Media, Inc."
TM,Toyota Motor Corp Ltd Ord
TRTX,"TPG RE Finance Trust, Inc."
TSLX,"TPG Specialty Lending, Inc."
TT,Trane Technologies plc
TAC,TransAlta Corporation
TCI,"Transcontinental Realty Investors, Inc."
TDG,Transdigm Group Incorporated
RIG,Transocean Ltd.
TGS,Transportadora De Gas Sa Ord B
TRU,TransUnion
TREC,Trecora Resources
TG,Tredegar Corporation
THS,"Treehouse Foods, Inc."
TREX,"Trex Company, Inc."
TY,Tri Continental Corporation
TY^,Tri Continental Corporation
TPH,"TRI Pointe Group, Inc."
TRNE,Trine Acquisition Corp.
TRNE.U,Trine Acquisition Corp.
TRNE.WS,Trine Acquisition Corp.
TNET,"TriNet Group, Inc."
TRN,"Trinity Industries, Inc."
TSE,Trinseo S.A.
TPVG,TriplePoint Venture Growth BDC Corp.
TPVY,TriplePoint Venture Growth BDC Corp.
GTS,Triple-S Management Corporation
TRTN,Triton International Limited
TRTN^A,Triton International Limited
TRTN^B,Triton International Limited
TRTN^C,Triton International Limited
TRTN^D,Triton International Limited
TGI,"Triumph Group, Inc."
TROX,Tronox Holdings plc
TBI,"TrueBlue, Inc."
TFC,Truist Financial Corporation
TFC^F,Truist Financial Corporation
TFC^G,Truist Financial Corporation
TFC^H,Truist Financial Corporation
TFC^I,Truist Financial Corporation
TNP,Tsakos Energy Navigation Ltd
TNP^C,Tsakos Energy Navigation Ltd
TNP^D,Tsakos Energy Navigation Ltd
TNP^E,Tsakos Energy Navigation Ltd
TNP^F,Tsakos Energy Navigation Ltd
TUFN,Tufin Software Technologies Ltd.
TUP,Tupperware Brands Corporation
TKC,Turkcell Iletisim Hizmetleri AS
TPB,"Turning Point Brands, Inc."
TRQ,Turquoise Hill Resources Ltd.
TPC,Tutor Perini Corporation
TWLO,Twilio Inc.
TRWH,"Twin River Worldwide Holdings, Inc."
TWTR,"Twitter, Inc."
TWO,Two Harbors Investments Corp
TWO^A,Two Harbors Investments Corp
TWO^B,Two Harbors Investments Corp
TWO^C,Two Harbors Investments Corp
TWO^D,Two Harbors Investments Corp
TWO^E,Two Harbors Investments Corp
TYL,"Tyler Technologies, Inc."
TSN,"Tyson Foods, Inc."
USB,U.S. Bancorp
USB^A,U.S. Bancorp
USB^H,U.S. Bancorp
USB^M,U.S. Bancorp
USB^O,U.S. Bancorp
USB^P,U.S. Bancorp
USPH,"U.S. Physical Therapy, Inc."
SLCA,"U.S. Silica Holdings, Inc."
USX,"U.S. Xpress Enterprises, Inc."
UBER,"Uber Technologies, Inc."
UI,Ubiquiti Inc.
UBS,UBS AG
UDR,"UDR, Inc."
UGI,UGI Corporation
UGP,Ultrapar Participacoes S.A.
UMH,"UMH Properties, Inc."
UMH^B,"UMH Properties, Inc."
UMH^C,"UMH Properties, Inc."
UMH^D,"UMH Properties, Inc."
UA,"Under Armour, Inc."
UAA,"Under Armour, Inc."
UFI,"Unifi, Inc."
UNF,Unifirst Corporation
UN,Unilever NV
UL,Unilever PLC
UNP,Union Pacific Corporation
UIS,Unisys Corporation
UNT,Unit Corporation
UMC,United Microelectronics Corporation
UNFI,"United Natural Foods, Inc."
UPS,"United Parcel Service, Inc."
URI,"United Rentals, Inc."
USM,United States Cellular Corporation
UZA,United States Cellular Corporation
UZB,United States Cellular Corporation
UZC,United States Cellular Corporation
X,United States Steel Corporation
UNH,UnitedHealth Group Incorporated
UTL,UNITIL Corporation
UNVR,Univar Solutions Inc.
UVV,Universal Corporation
UHT,Universal Health Realty Income Trust
UHS,"Universal Health Services, Inc."
UVE,UNIVERSAL INSURANCE HOLDINGS INC
UTI,Universal Technical Institute Inc
UNM,Unum Group
UNMA,Unum Group
UE,Urban Edge Properties
UBA,Urstadt Biddle Properties Inc.
UBP,Urstadt Biddle Properties Inc.
UBP^H,Urstadt Biddle Properties Inc.
UBP^K,Urstadt Biddle Properties Inc.
USFD,US Foods Holding Corp.
USAC,"USA Compression Partners, LP"
USNA,"USANA Health Sciences, Inc."
USDP,USD Partners LP
BIF,"USLIFE Income Fund, Inc."
VFC,V.F. Corporation
EGY,"VAALCO Energy, Inc. "
MTN,"Vail Resorts, Inc."
VAL,Valaris plc
VALE,VALE S.A.
VLO,Valero Energy Corporation
VHI,"Valhi, Inc."
VMI,"Valmont Industries, Inc."
VVV,Valvoline Inc.
VAPO,"Vapotherm, Inc."
VAR,"Varian Medical Systems, Inc."
VGR,Vector Group Ltd.
VEC,"Vectrus, Inc."
VEDL,Vedanta  Limited
VEEV,Veeva Systems Inc.
VEL,"Velocity Financial, Inc."
VNTR,Venator Materials PLC
VTR,"Ventas, Inc."
VNE,"Veoneer, Inc."
VER,VEREIT Inc.
VER^F,VEREIT Inc.
VRTV,Veritiv Corporation
VZ,Verizon Communications Inc.
VET,Vermilion Energy Inc.
VRS,Verso Corporation
VCIF,Vertical Capital Income Fund
VERT.U,"Vertiv Holdings, LLC"
VRT,"Vertiv Holdings, LLC"
VRT.WS,"Vertiv Holdings, LLC"
VVI,Viad Corp
VICI,VICI Properties Inc.
VNCE,Vince Holding Corp.
VIPS,Vipshop Holdings Limited
SPCE,"Virgin Galactic Holdings, Inc."
VGI,Virtus Global Multi-Sector Income Fund
ZTR,Virtus Total Return Fund Inc.
V,Visa Inc.
VSH,"Vishay Intertechnology, Inc."
VPG,"Vishay Precision Group, Inc."
VIST,"Vista Oil & Gas, S.A.B. de C.V."
VSTO,Vista Outdoor Inc.
VST,Vistra Energy Corp.
VST.WS.A,Vistra Energy Corp.
VVNT,"Vivint Smart Home, Inc."
VVNT.WS,"Vivint Smart Home, Inc."
VSLR,"Vivint Solar, Inc."
VMW,"Vmware, Inc."
VOC,VOC Energy Trust
VCRA,"Vocera Communications, Inc."
VNO,Vornado Realty Trust
VNO^K,Vornado Realty Trust
VNO^L,Vornado Realty Trust
VNO^M,Vornado Realty Trust
VJET,voxeljet AG
IAE,Voya Asia Pacific High Dividend Equity Income Fund
IHD,Voya Emerging Markets High Income Dividend Equity Fund
VOYA,"Voya Financial, Inc."
VOYA^B,"Voya Financial, Inc."
IGA,Voya Global Advantage and Premium Opportunity Fund
IGD,Voya Global Equity Dividend and Premium Opportunity Fund
IDE,"Voya Infrastructure, Industrials and Materials Fund"
IID,Voya International High Dividend Equity Income Fund
IRR,Voya Natural Resources Equity Income Fund
PPR,Voya Prime Rate Trust
VMC,Vulcan Materials Company
WTI,"W&T Offshore, Inc."
WPC,W. P. Carey Inc.
WRB,W.R. Berkley Corporation
WRB^B,W.R. Berkley Corporation
WRB^C,W.R. Berkley Corporation
WRB^D,W.R. Berkley Corporation
WRB^E,W.R. Berkley Corporation
WRB^F,W.R. Berkley Corporation
GRA,W.R. Grace & Co.
GWW,"W.W. Grainger, Inc."
WNC,Wabash National Corporation
WBC,Wabco Holdings Inc.
WDR,"Waddell & Reed Financial, Inc."
WD,"Walker & Dunlop, Inc."
WMT,Walmart Inc.
DIS,Walt Disney Company (The)
HCC,"Warrior Met Coal, Inc."
WPG,Washington Prime Group Inc.
WPG^H,Washington Prime Group Inc.
WPG^I,Washington Prime Group Inc.
WRE,Washington Real Estate Investment Trust
WCN,"Waste Connections, Inc."
WM,"Waste Management, Inc."
WAT,Waters Corporation
WSO,"Watsco, Inc."
WSO.B,"Watsco, Inc."
WTS,"Watts Water Technologies, Inc."
W,Wayfair Inc.
WBS,Webster Financial Corporation
WBS^F,Webster Financial Corporation
WEC,"WEC Energy Group, Inc."
WEI,Weidai Ltd.
WRI,Weingarten Realty Investors
WMK,"Weis Markets, Inc."
WBT,"Welbilt, Inc."
WFC,Wells Fargo & Company
WFC^L,Wells Fargo & Company
WFC^N,Wells Fargo & Company
WFC^O,Wells Fargo & Company
WFC^P,Wells Fargo & Company
WFC^Q,Wells Fargo & Company
WFC^R,Wells Fargo & Company
WFC^T,Wells Fargo & Company
WFC^V,Wells Fargo & Company
WFC^W,Wells Fargo & Company
WFC^X,Wells Fargo & Company
WFC^Y,Wells Fargo & Company
WFC^Z,Wells Fargo & Company
EOD,Wells Fargo Global Dividend Opportunity Fund
WELL,Welltower Inc.
WCC,"WESCO International, Inc."
WST,"West Pharmaceutical Services, Inc."
WAL,Western Alliance Bancorporation
WALA,Western Alliance Bancorporation
WEA,Western Asset Bond Fund
TLI,Western Asset Corporate Loan Fund Inc
EMD,Western Asset Emerging Markets Debt Fund Inc
GDO,Western Asset Global Corporate Defined Opportunity Fund Inc.
EHI,Western Asset Global High Income Fund Inc
HIX,Western Asset High Income Fund II Inc.
HIO,"Western Asset High Income Opportunity Fund, Inc."
HYI,Western Asset High Yield Defined Opportunity Fund Inc.
SBI,Western Asset Intermediate Muni Fund Inc
IGI,Western Asset Investment Grade Defined Opportunity Trust Inc.
PAI,Western Asset Investment Grade Income Fund Inc.
MMU,"Western Asset Managed Municipals Fund, Inc."
WMC,Western Asset Mortgage Capital Corporation
DMO,Western Asset Mortgage Opportunity Fund Inc.
MTT,Western Asset Municipal Defined Opportunity Trust Inc
MHF,"Western Asset Municipal High Income Fund, Inc."
MNP,"Western Asset Municipal Partners Fund, Inc."
GFY,Western Asset Variable Rate Strategic Fund Inc.
WIW,Western Asset/Claymore U.S Treasury Inflation Prot Secs Fd 2
WIA,Western Asset/Claymore U.S. Treasury Inflation Prot Secs Fd
WES,"Western Midstream Partners, LP"
WU,Western Union Company (The)
WAB,Westinghouse Air Brake Technologies Corporation
WLK,Westlake Chemical Corporation
WLKP,Westlake Chemical Partners LP
WBK,Westpac Banking Corporation
WRK,Westrock Company
WHG,Westwood Holdings Group Inc
WEX,WEX Inc.
WY,Weyerhaeuser Company
WPM,Wheaton Precious Metals Corp.
WHR,Whirlpool Corporation
WTM,"White Mountains Insurance Group, Ltd."
WSR,Whitestone REIT
WLL,Whiting Petroleum Corporation
WOW,"WideOpenWest, Inc."
WMB,"Williams Companies, Inc. (The)"
WSM,"Williams-Sonoma, Inc."
WGO,"Winnebago Industries, Inc."
WIT,Wipro Limited
WNS,WNS (Holdings) Limited
WWW,"Wolverine World Wide, Inc."
WF,Woori Bank
WK,Workiva Inc.
INT,World Fuel Services Corporation
WWE,"World Wrestling Entertainment, Inc."
WOR,"Worthington Industries, Inc."
WPP,WPP plc
WPX,"WPX Energy, Inc."
WYND,"Wyndham Destinations, Inc."
WH,"Wyndham Hotels & Resorts, Inc."
XYF,X Financial
XFLT,XAI Octagon Floating Rate & Alternative Income Term Trust
XHR,"Xenia Hotels & Resorts, Inc."
XRX,Xerox Holdings Corporation
XIN,Xinyuan Real Estate Co Ltd
XPO,"XPO Logistics, Inc."
XYL,Xylem Inc.
AUY,Yamana Gold Inc.
YELP,Yelp Inc.
YETI,"YETI Holdings, Inc."
YEXT,"Yext, Inc."
YRD,Yiren Digital Ltd.
DAO,"Youdao, Inc."
YPF,YPF Sociedad Anonima
YUMC,"Yum China Holdings, Inc."
YUM,"Yum! Brands, Inc."
ZEN,"Zendesk, Inc."
ZBH,"Zimmer Biomet Holdings, Inc."
ZTS,Zoetis Inc.
ZTO,ZTO Express (Cayman) Inc.
ZUO,"Zuora, Inc."
ZYME,Zymeworks Inc.
